id,address,token_id
15930021,0xAeef2b7D89b609b2890e10413D13177fC9301Ee6,10
15930022,0xAeef2b7D89b609b2890e10413D13177fC9301Ee6,11
15930023,0xAeef2b7D89b609b2890e10413D13177fC9301Ee6,12
15930024,0xAeef2b7D89b609b2890e10413D13177fC9301Ee6,19
15930025,0xAeef2b7D89b609b2890e10413D13177fC9301Ee6,20
15930026,0xAeef2b7D89b609b2890e10413D13177fC9301Ee6,21
15930027,0xAeef2b7D89b609b2890e10413D13177fC9301Ee6,22
15930028,0xAeef2b7D89b609b2890e10413D13177fC9301Ee6,23
15930029,0xAeef2b7D89b609b2890e10413D13177fC9301Ee6,24
15930030,0xAeef2b7D89b609b2890e10413D13177fC9301Ee6,25
15930031,0xAeef2b7D89b609b2890e10413D13177fC9301Ee6,26
15930032,0xAeef2b7D89b609b2890e10413D13177fC9301Ee6,27
15930033,0xAeef2b7D89b609b2890e10413D13177fC9301Ee6,28
15930034,0xAeef2b7D89b609b2890e10413D13177fC9301Ee6,29
15930035,0xAeef2b7D89b609b2890e10413D13177fC9301Ee6,30
15930036,0xAeef2b7D89b609b2890e10413D13177fC9301Ee6,99
15930037,0xAeef2b7D89b609b2890e10413D13177fC9301Ee6,100
15930038,0xAeef2b7D89b609b2890e10413D13177fC9301Ee6,101
15930039,0xAeef2b7D89b609b2890e10413D13177fC9301Ee6,102
15930040,0xAeef2b7D89b609b2890e10413D13177fC9301Ee6,103
15930041,0xAeef2b7D89b609b2890e10413D13177fC9301Ee6,104
15930042,0xAeef2b7D89b609b2890e10413D13177fC9301Ee6,105
15930043,0xAeef2b7D89b609b2890e10413D13177fC9301Ee6,106
15930044,0xAeef2b7D89b609b2890e10413D13177fC9301Ee6,107
15930045,0xAeef2b7D89b609b2890e10413D13177fC9301Ee6,108
15930046,0xAeef2b7D89b609b2890e10413D13177fC9301Ee6,109
15930047,0xAeef2b7D89b609b2890e10413D13177fC9301Ee6,110
15930048,0xAeef2b7D89b609b2890e10413D13177fC9301Ee6,111
15930049,0xAeef2b7D89b609b2890e10413D13177fC9301Ee6,112
15930050,0xAeef2b7D89b609b2890e10413D13177fC9301Ee6,113
15930051,0xAeef2b7D89b609b2890e10413D13177fC9301Ee6,114
15930052,0xAeef2b7D89b609b2890e10413D13177fC9301Ee6,115
15930053,0xAeef2b7D89b609b2890e10413D13177fC9301Ee6,116
15930054,0xAeef2b7D89b609b2890e10413D13177fC9301Ee6,117
15930055,0xAeef2b7D89b609b2890e10413D13177fC9301Ee6,118
15930056,0xAeef2b7D89b609b2890e10413D13177fC9301Ee6,119
15930057,0xAeef2b7D89b609b2890e10413D13177fC9301Ee6,120
15930058,0xAeef2b7D89b609b2890e10413D13177fC9301Ee6,121
15930059,0xAeef2b7D89b609b2890e10413D13177fC9301Ee6,122
15930060,0xAeef2b7D89b609b2890e10413D13177fC9301Ee6,123
15930061,0xAeef2b7D89b609b2890e10413D13177fC9301Ee6,124
15930062,0xAeef2b7D89b609b2890e10413D13177fC9301Ee6,125
15930063,0xAeef2b7D89b609b2890e10413D13177fC9301Ee6,126
15930064,0xAeef2b7D89b609b2890e10413D13177fC9301Ee6,127
15930065,0xAeef2b7D89b609b2890e10413D13177fC9301Ee6,128
15930066,0xAeef2b7D89b609b2890e10413D13177fC9301Ee6,129
15930067,0xAeef2b7D89b609b2890e10413D13177fC9301Ee6,130
15930068,0xAeef2b7D89b609b2890e10413D13177fC9301Ee6,131
15930069,0xAeef2b7D89b609b2890e10413D13177fC9301Ee6,132
15930070,0xAeef2b7D89b609b2890e10413D13177fC9301Ee6,133
15930071,0xAeef2b7D89b609b2890e10413D13177fC9301Ee6,134
15930072,0xAeef2b7D89b609b2890e10413D13177fC9301Ee6,135
15930073,0xAeef2b7D89b609b2890e10413D13177fC9301Ee6,136
15930074,0xAeef2b7D89b609b2890e10413D13177fC9301Ee6,137
15930075,0xAeef2b7D89b609b2890e10413D13177fC9301Ee6,138
15930076,0xAeef2b7D89b609b2890e10413D13177fC9301Ee6,139
15930077,0xAeef2b7D89b609b2890e10413D13177fC9301Ee6,140
15930078,0xAeef2b7D89b609b2890e10413D13177fC9301Ee6,141
15930079,0xAeef2b7D89b609b2890e10413D13177fC9301Ee6,142
15930080,0xAeef2b7D89b609b2890e10413D13177fC9301Ee6,143
15930081,0xAeef2b7D89b609b2890e10413D13177fC9301Ee6,144
15930082,0xAeef2b7D89b609b2890e10413D13177fC9301Ee6,145
15930083,0xAeef2b7D89b609b2890e10413D13177fC9301Ee6,146
15930084,0xAeef2b7D89b609b2890e10413D13177fC9301Ee6,147
15930085,0xAeef2b7D89b609b2890e10413D13177fC9301Ee6,148
15930086,0xAeef2b7D89b609b2890e10413D13177fC9301Ee6,149
15930087,0xAeef2b7D89b609b2890e10413D13177fC9301Ee6,234
15930088,0xAeef2b7D89b609b2890e10413D13177fC9301Ee6,235
15930089,0xAeef2b7D89b609b2890e10413D13177fC9301Ee6,236
15930090,0xAeef2b7D89b609b2890e10413D13177fC9301Ee6,237
15930091,0xAeef2b7D89b609b2890e10413D13177fC9301Ee6,238
15930092,0xAeef2b7D89b609b2890e10413D13177fC9301Ee6,239
15930093,0xAeef2b7D89b609b2890e10413D13177fC9301Ee6,240
15930094,0xAeef2b7D89b609b2890e10413D13177fC9301Ee6,241
15930095,0xAeef2b7D89b609b2890e10413D13177fC9301Ee6,242
15930096,0xAeef2b7D89b609b2890e10413D13177fC9301Ee6,243
15930097,0xAeef2b7D89b609b2890e10413D13177fC9301Ee6,244
15930098,0xAeef2b7D89b609b2890e10413D13177fC9301Ee6,245
15930099,0xAeef2b7D89b609b2890e10413D13177fC9301Ee6,246
15930100,0xAeef2b7D89b609b2890e10413D13177fC9301Ee6,247
15930101,0xAeef2b7D89b609b2890e10413D13177fC9301Ee6,248
15930102,0xAeef2b7D89b609b2890e10413D13177fC9301Ee6,249
15930103,0xAeef2b7D89b609b2890e10413D13177fC9301Ee6,250
15930104,0xAeef2b7D89b609b2890e10413D13177fC9301Ee6,251
15930105,0xAeef2b7D89b609b2890e10413D13177fC9301Ee6,252
15930106,0xAeef2b7D89b609b2890e10413D13177fC9301Ee6,253
15930107,0xAeef2b7D89b609b2890e10413D13177fC9301Ee6,254
15930108,0xAeef2b7D89b609b2890e10413D13177fC9301Ee6,255
15930109,0xAeef2b7D89b609b2890e10413D13177fC9301Ee6,256
15930110,0xAeef2b7D89b609b2890e10413D13177fC9301Ee6,257
15930111,0xAeef2b7D89b609b2890e10413D13177fC9301Ee6,258
15930112,0xAeef2b7D89b609b2890e10413D13177fC9301Ee6,259
15930113,0xAeef2b7D89b609b2890e10413D13177fC9301Ee6,260
15930114,0xAeef2b7D89b609b2890e10413D13177fC9301Ee6,261
15930115,0xAeef2b7D89b609b2890e10413D13177fC9301Ee6,262
15930116,0xAeef2b7D89b609b2890e10413D13177fC9301Ee6,263
15930117,0xAeef2b7D89b609b2890e10413D13177fC9301Ee6,264
15930118,0xAeef2b7D89b609b2890e10413D13177fC9301Ee6,265
15930119,0xAeef2b7D89b609b2890e10413D13177fC9301Ee6,266
15930120,0xAeef2b7D89b609b2890e10413D13177fC9301Ee6,267
15930121,0xAeef2b7D89b609b2890e10413D13177fC9301Ee6,268
15930122,0xAeef2b7D89b609b2890e10413D13177fC9301Ee6,269
15930123,0xAeef2b7D89b609b2890e10413D13177fC9301Ee6,270
15930124,0xAeef2b7D89b609b2890e10413D13177fC9301Ee6,271
15930125,0xAeef2b7D89b609b2890e10413D13177fC9301Ee6,272
15930126,0xAeef2b7D89b609b2890e10413D13177fC9301Ee6,381
15930127,0xAeef2b7D89b609b2890e10413D13177fC9301Ee6,382
15930128,0xAeef2b7D89b609b2890e10413D13177fC9301Ee6,383
15930129,0xAeef2b7D89b609b2890e10413D13177fC9301Ee6,384
15930130,0xAeef2b7D89b609b2890e10413D13177fC9301Ee6,385
15930131,0xAeef2b7D89b609b2890e10413D13177fC9301Ee6,386
15930132,0xAeef2b7D89b609b2890e10413D13177fC9301Ee6,387
15930133,0xAeef2b7D89b609b2890e10413D13177fC9301Ee6,388
15930134,0xAeef2b7D89b609b2890e10413D13177fC9301Ee6,389
15930135,0xAeef2b7D89b609b2890e10413D13177fC9301Ee6,390
15930136,0xAeef2b7D89b609b2890e10413D13177fC9301Ee6,391
15930137,0xAeef2b7D89b609b2890e10413D13177fC9301Ee6,392
15930138,0xAeef2b7D89b609b2890e10413D13177fC9301Ee6,393
15930139,0xAeef2b7D89b609b2890e10413D13177fC9301Ee6,394
15930140,0xAeef2b7D89b609b2890e10413D13177fC9301Ee6,395
15930141,0xAeef2b7D89b609b2890e10413D13177fC9301Ee6,396
15930142,0xAeef2b7D89b609b2890e10413D13177fC9301Ee6,397
15930143,0xAeef2b7D89b609b2890e10413D13177fC9301Ee6,398
15930144,0xAeef2b7D89b609b2890e10413D13177fC9301Ee6,399
15930145,0xAeef2b7D89b609b2890e10413D13177fC9301Ee6,400
15930146,0xAeef2b7D89b609b2890e10413D13177fC9301Ee6,401
15930147,0xAeef2b7D89b609b2890e10413D13177fC9301Ee6,402
15930148,0xAeef2b7D89b609b2890e10413D13177fC9301Ee6,403
15930149,0xAeef2b7D89b609b2890e10413D13177fC9301Ee6,404
15930150,0xAeef2b7D89b609b2890e10413D13177fC9301Ee6,405
15930151,0xAeef2b7D89b609b2890e10413D13177fC9301Ee6,406
15930152,0xAeef2b7D89b609b2890e10413D13177fC9301Ee6,407
15930153,0xAeef2b7D89b609b2890e10413D13177fC9301Ee6,408
15930154,0xAeef2b7D89b609b2890e10413D13177fC9301Ee6,409
15930155,0xAeef2b7D89b609b2890e10413D13177fC9301Ee6,410
15930156,0xAeef2b7D89b609b2890e10413D13177fC9301Ee6,411
15930157,0xAeef2b7D89b609b2890e10413D13177fC9301Ee6,412
15930158,0xAeef2b7D89b609b2890e10413D13177fC9301Ee6,413
15930159,0xAeef2b7D89b609b2890e10413D13177fC9301Ee6,414
15930160,0xAeef2b7D89b609b2890e10413D13177fC9301Ee6,415
15930161,0xAeef2b7D89b609b2890e10413D13177fC9301Ee6,416
15930162,0xAeef2b7D89b609b2890e10413D13177fC9301Ee6,417
15930163,0xAeef2b7D89b609b2890e10413D13177fC9301Ee6,418
15930164,0xAeef2b7D89b609b2890e10413D13177fC9301Ee6,419
15930165,0xAeef2b7D89b609b2890e10413D13177fC9301Ee6,420
15930166,0xAeef2b7D89b609b2890e10413D13177fC9301Ee6,421
15930167,0xAeef2b7D89b609b2890e10413D13177fC9301Ee6,422
15930168,0xAeef2b7D89b609b2890e10413D13177fC9301Ee6,423
15930169,0xAeef2b7D89b609b2890e10413D13177fC9301Ee6,424
15930170,0xAeef2b7D89b609b2890e10413D13177fC9301Ee6,425
15930171,0xAeef2b7D89b609b2890e10413D13177fC9301Ee6,426
15930172,0xAeef2b7D89b609b2890e10413D13177fC9301Ee6,427
15930173,0xAeef2b7D89b609b2890e10413D13177fC9301Ee6,428
15930174,0xAeef2b7D89b609b2890e10413D13177fC9301Ee6,429
15930175,0xAeef2b7D89b609b2890e10413D13177fC9301Ee6,430
15930176,0xAeef2b7D89b609b2890e10413D13177fC9301Ee6,431
15930177,0xAeef2b7D89b609b2890e10413D13177fC9301Ee6,432
15930178,0xAeef2b7D89b609b2890e10413D13177fC9301Ee6,433
15930179,0xAeef2b7D89b609b2890e10413D13177fC9301Ee6,434
15930180,0xAeef2b7D89b609b2890e10413D13177fC9301Ee6,435
15930181,0xAeef2b7D89b609b2890e10413D13177fC9301Ee6,436
15930182,0xAeef2b7D89b609b2890e10413D13177fC9301Ee6,437
15930183,0xAeef2b7D89b609b2890e10413D13177fC9301Ee6,438
15930184,0xAeef2b7D89b609b2890e10413D13177fC9301Ee6,439
15930185,0xAeef2b7D89b609b2890e10413D13177fC9301Ee6,440
15930186,0xAeef2b7D89b609b2890e10413D13177fC9301Ee6,441
15930187,0xAeef2b7D89b609b2890e10413D13177fC9301Ee6,442
15930188,0xAeef2b7D89b609b2890e10413D13177fC9301Ee6,443
15930189,0xAeef2b7D89b609b2890e10413D13177fC9301Ee6,444
15930190,0xAeef2b7D89b609b2890e10413D13177fC9301Ee6,445
15930191,0xAeef2b7D89b609b2890e10413D13177fC9301Ee6,446
15930192,0xAeef2b7D89b609b2890e10413D13177fC9301Ee6,447
15930193,0xAeef2b7D89b609b2890e10413D13177fC9301Ee6,448
15930194,0xAeef2b7D89b609b2890e10413D13177fC9301Ee6,565
15930195,0xAeef2b7D89b609b2890e10413D13177fC9301Ee6,566
15930196,0xAeef2b7D89b609b2890e10413D13177fC9301Ee6,567
15930197,0xAeef2b7D89b609b2890e10413D13177fC9301Ee6,568
15930198,0xAeef2b7D89b609b2890e10413D13177fC9301Ee6,569
15930199,0xAeef2b7D89b609b2890e10413D13177fC9301Ee6,570
15930200,0xAeef2b7D89b609b2890e10413D13177fC9301Ee6,571
15930201,0xAeef2b7D89b609b2890e10413D13177fC9301Ee6,572
15930202,0xAeef2b7D89b609b2890e10413D13177fC9301Ee6,573
15930203,0xAeef2b7D89b609b2890e10413D13177fC9301Ee6,574
15930204,0xAeef2b7D89b609b2890e10413D13177fC9301Ee6,575
15930205,0xAeef2b7D89b609b2890e10413D13177fC9301Ee6,576
15930206,0xAeef2b7D89b609b2890e10413D13177fC9301Ee6,577
15930207,0xAeef2b7D89b609b2890e10413D13177fC9301Ee6,578
15930208,0xAeef2b7D89b609b2890e10413D13177fC9301Ee6,579
15930209,0xAeef2b7D89b609b2890e10413D13177fC9301Ee6,580
15930210,0xAeef2b7D89b609b2890e10413D13177fC9301Ee6,581
15930211,0xAeef2b7D89b609b2890e10413D13177fC9301Ee6,582
15930212,0xAeef2b7D89b609b2890e10413D13177fC9301Ee6,583
15930213,0xAeef2b7D89b609b2890e10413D13177fC9301Ee6,584
15930214,0xAeef2b7D89b609b2890e10413D13177fC9301Ee6,585
15930215,0xAeef2b7D89b609b2890e10413D13177fC9301Ee6,586
15930216,0xAeef2b7D89b609b2890e10413D13177fC9301Ee6,587
15930217,0xAeef2b7D89b609b2890e10413D13177fC9301Ee6,588
15930218,0xAeef2b7D89b609b2890e10413D13177fC9301Ee6,589
15930219,0xAeef2b7D89b609b2890e10413D13177fC9301Ee6,590
15930220,0xAeef2b7D89b609b2890e10413D13177fC9301Ee6,591
15930221,0xAeef2b7D89b609b2890e10413D13177fC9301Ee6,592
15930222,0xAeef2b7D89b609b2890e10413D13177fC9301Ee6,593
15930223,0xAeef2b7D89b609b2890e10413D13177fC9301Ee6,594
15930224,0xAeef2b7D89b609b2890e10413D13177fC9301Ee6,595
15930225,0xAeef2b7D89b609b2890e10413D13177fC9301Ee6,596
15930226,0xAeef2b7D89b609b2890e10413D13177fC9301Ee6,597
15930227,0xAeef2b7D89b609b2890e10413D13177fC9301Ee6,598
15930228,0xAeef2b7D89b609b2890e10413D13177fC9301Ee6,599
15930229,0xAeef2b7D89b609b2890e10413D13177fC9301Ee6,600
15930230,0xAeef2b7D89b609b2890e10413D13177fC9301Ee6,601
15930231,0xAeef2b7D89b609b2890e10413D13177fC9301Ee6,674
15930232,0xAeef2b7D89b609b2890e10413D13177fC9301Ee6,675
15930233,0xAeef2b7D89b609b2890e10413D13177fC9301Ee6,676
15930234,0xAeef2b7D89b609b2890e10413D13177fC9301Ee6,677
15930235,0xAeef2b7D89b609b2890e10413D13177fC9301Ee6,678
15930236,0xAeef2b7D89b609b2890e10413D13177fC9301Ee6,679
15930237,0xAeef2b7D89b609b2890e10413D13177fC9301Ee6,680
15930238,0xAeef2b7D89b609b2890e10413D13177fC9301Ee6,681
15930239,0xAeef2b7D89b609b2890e10413D13177fC9301Ee6,682
15930240,0xAeef2b7D89b609b2890e10413D13177fC9301Ee6,683
15930241,0xAeef2b7D89b609b2890e10413D13177fC9301Ee6,684
15930242,0xAeef2b7D89b609b2890e10413D13177fC9301Ee6,685
15930243,0xAeef2b7D89b609b2890e10413D13177fC9301Ee6,686
15930244,0xAeef2b7D89b609b2890e10413D13177fC9301Ee6,687
15930245,0xAeef2b7D89b609b2890e10413D13177fC9301Ee6,688
15930246,0xAeef2b7D89b609b2890e10413D13177fC9301Ee6,689
15930247,0xAeef2b7D89b609b2890e10413D13177fC9301Ee6,690
15930248,0xAeef2b7D89b609b2890e10413D13177fC9301Ee6,691
15930249,0xAeef2b7D89b609b2890e10413D13177fC9301Ee6,692
15930250,0xAeef2b7D89b609b2890e10413D13177fC9301Ee6,693
15930251,0xAeef2b7D89b609b2890e10413D13177fC9301Ee6,694
15930252,0xAeef2b7D89b609b2890e10413D13177fC9301Ee6,695
15930253,0xAeef2b7D89b609b2890e10413D13177fC9301Ee6,696
15930254,0xAeef2b7D89b609b2890e10413D13177fC9301Ee6,697
15930255,0xAeef2b7D89b609b2890e10413D13177fC9301Ee6,698
15930256,0xAeef2b7D89b609b2890e10413D13177fC9301Ee6,699
15930257,0xAeef2b7D89b609b2890e10413D13177fC9301Ee6,700
15930258,0xAeef2b7D89b609b2890e10413D13177fC9301Ee6,767
15930259,0xAeef2b7D89b609b2890e10413D13177fC9301Ee6,768
15930260,0xAeef2b7D89b609b2890e10413D13177fC9301Ee6,769
15930261,0xAeef2b7D89b609b2890e10413D13177fC9301Ee6,770
15930262,0xAeef2b7D89b609b2890e10413D13177fC9301Ee6,771
15930263,0xAeef2b7D89b609b2890e10413D13177fC9301Ee6,772
15930264,0xAeef2b7D89b609b2890e10413D13177fC9301Ee6,773
15930265,0xAeef2b7D89b609b2890e10413D13177fC9301Ee6,774
15930266,0xAeef2b7D89b609b2890e10413D13177fC9301Ee6,775
15930267,0xAeef2b7D89b609b2890e10413D13177fC9301Ee6,776
15930268,0xAeef2b7D89b609b2890e10413D13177fC9301Ee6,777
15930269,0xAeef2b7D89b609b2890e10413D13177fC9301Ee6,778
15930270,0xAeef2b7D89b609b2890e10413D13177fC9301Ee6,779
15930271,0xAeef2b7D89b609b2890e10413D13177fC9301Ee6,780
15930272,0xAeef2b7D89b609b2890e10413D13177fC9301Ee6,781
15930273,0xAeef2b7D89b609b2890e10413D13177fC9301Ee6,782
15930274,0xAeef2b7D89b609b2890e10413D13177fC9301Ee6,783
15930275,0xAeef2b7D89b609b2890e10413D13177fC9301Ee6,784
15930276,0xAeef2b7D89b609b2890e10413D13177fC9301Ee6,785
15930277,0xAeef2b7D89b609b2890e10413D13177fC9301Ee6,786
15930278,0xAeef2b7D89b609b2890e10413D13177fC9301Ee6,787
15930279,0xAeef2b7D89b609b2890e10413D13177fC9301Ee6,788
15930280,0xAeef2b7D89b609b2890e10413D13177fC9301Ee6,789
15930281,0xAeef2b7D89b609b2890e10413D13177fC9301Ee6,790
15930282,0xAeef2b7D89b609b2890e10413D13177fC9301Ee6,791
15930283,0xAeef2b7D89b609b2890e10413D13177fC9301Ee6,792
15930284,0xAeef2b7D89b609b2890e10413D13177fC9301Ee6,793
15930285,0xAeef2b7D89b609b2890e10413D13177fC9301Ee6,794
15930286,0xAeef2b7D89b609b2890e10413D13177fC9301Ee6,795
15930287,0xAeef2b7D89b609b2890e10413D13177fC9301Ee6,796
15930288,0xAeef2b7D89b609b2890e10413D13177fC9301Ee6,797
15930289,0xAeef2b7D89b609b2890e10413D13177fC9301Ee6,798
15930290,0xAeef2b7D89b609b2890e10413D13177fC9301Ee6,799
15930291,0xAeef2b7D89b609b2890e10413D13177fC9301Ee6,800
15930292,0xAeef2b7D89b609b2890e10413D13177fC9301Ee6,801
15930293,0xAeef2b7D89b609b2890e10413D13177fC9301Ee6,828
15930294,0xAeef2b7D89b609b2890e10413D13177fC9301Ee6,829
15930295,0xAeef2b7D89b609b2890e10413D13177fC9301Ee6,832
15930296,0xAeef2b7D89b609b2890e10413D13177fC9301Ee6,834
15930297,0xAeef2b7D89b609b2890e10413D13177fC9301Ee6,835
15930298,0xAeef2b7D89b609b2890e10413D13177fC9301Ee6,836
15930299,0xAeef2b7D89b609b2890e10413D13177fC9301Ee6,838
15930300,0xAeef2b7D89b609b2890e10413D13177fC9301Ee6,840
15930301,0xAeef2b7D89b609b2890e10413D13177fC9301Ee6,841
15930302,0xAeef2b7D89b609b2890e10413D13177fC9301Ee6,842
15930303,0xAeef2b7D89b609b2890e10413D13177fC9301Ee6,843
15930304,0xAeef2b7D89b609b2890e10413D13177fC9301Ee6,844
15930305,0xAeef2b7D89b609b2890e10413D13177fC9301Ee6,845
15930306,0xAeef2b7D89b609b2890e10413D13177fC9301Ee6,916
15930307,0xAeef2b7D89b609b2890e10413D13177fC9301Ee6,917
15930308,0xAeef2b7D89b609b2890e10413D13177fC9301Ee6,918
15930309,0xAeef2b7D89b609b2890e10413D13177fC9301Ee6,920
15930310,0xAeef2b7D89b609b2890e10413D13177fC9301Ee6,921
15930311,0xAeef2b7D89b609b2890e10413D13177fC9301Ee6,922
15930312,0xAeef2b7D89b609b2890e10413D13177fC9301Ee6,923
15930313,0xAeef2b7D89b609b2890e10413D13177fC9301Ee6,924
15930314,0xAeef2b7D89b609b2890e10413D13177fC9301Ee6,925
15930315,0xAeef2b7D89b609b2890e10413D13177fC9301Ee6,929
15930316,0xAeef2b7D89b609b2890e10413D13177fC9301Ee6,931
15930317,0xAeef2b7D89b609b2890e10413D13177fC9301Ee6,933
15930318,0xAeef2b7D89b609b2890e10413D13177fC9301Ee6,934
15930319,0xAeef2b7D89b609b2890e10413D13177fC9301Ee6,935
15930320,0xAeef2b7D89b609b2890e10413D13177fC9301Ee6,936
15930321,0xAeef2b7D89b609b2890e10413D13177fC9301Ee6,937
15930322,0xAeef2b7D89b609b2890e10413D13177fC9301Ee6,938
15930323,0xAeef2b7D89b609b2890e10413D13177fC9301Ee6,939
15930324,0xAeef2b7D89b609b2890e10413D13177fC9301Ee6,940
15930325,0xAeef2b7D89b609b2890e10413D13177fC9301Ee6,941
15930326,0xAeef2b7D89b609b2890e10413D13177fC9301Ee6,1010
15930327,0xAeef2b7D89b609b2890e10413D13177fC9301Ee6,1011
15930328,0xAeef2b7D89b609b2890e10413D13177fC9301Ee6,1012
15930329,0xAeef2b7D89b609b2890e10413D13177fC9301Ee6,1013
15930330,0xAeef2b7D89b609b2890e10413D13177fC9301Ee6,1014
15930331,0xAeef2b7D89b609b2890e10413D13177fC9301Ee6,1015
15930332,0xAeef2b7D89b609b2890e10413D13177fC9301Ee6,1016
15930333,0xAeef2b7D89b609b2890e10413D13177fC9301Ee6,1017
15930334,0xAeef2b7D89b609b2890e10413D13177fC9301Ee6,1018
15930335,0xAeef2b7D89b609b2890e10413D13177fC9301Ee6,1019
15930336,0xAeef2b7D89b609b2890e10413D13177fC9301Ee6,1020
15930337,0xAeef2b7D89b609b2890e10413D13177fC9301Ee6,1021
15930338,0xAeef2b7D89b609b2890e10413D13177fC9301Ee6,1022
15930339,0xAeef2b7D89b609b2890e10413D13177fC9301Ee6,1023
15930340,0xAeef2b7D89b609b2890e10413D13177fC9301Ee6,1024
15930341,0xAeef2b7D89b609b2890e10413D13177fC9301Ee6,1025
15930342,0xAeef2b7D89b609b2890e10413D13177fC9301Ee6,1026
15930343,0xAeef2b7D89b609b2890e10413D13177fC9301Ee6,1027
15930344,0xAeef2b7D89b609b2890e10413D13177fC9301Ee6,1028
15930345,0xAeef2b7D89b609b2890e10413D13177fC9301Ee6,1029
15930346,0xAeef2b7D89b609b2890e10413D13177fC9301Ee6,1030
15930556,0xAeef2b7D89b609b2890e10413D13177fC9301Ee6,833
15930557,0xAeef2b7D89b609b2890e10413D13177fC9301Ee6,839
15930562,0xAeef2b7D89b609b2890e10413D13177fC9301Ee6,866
15930567,0xAeef2b7D89b609b2890e10413D13177fC9301Ee6,876
15930568,0xAeef2b7D89b609b2890e10413D13177fC9301Ee6,886
15930574,0xAeef2b7D89b609b2890e10413D13177fC9301Ee6,901
15930578,0xAeef2b7D89b609b2890e10413D13177fC9301Ee6,919
15930581,0xAeef2b7D89b609b2890e10413D13177fC9301Ee6,949
15930912,0xAeef2b7D89b609b2890e10413D13177fC9301Ee6,822
15960003,0xAeef2b7D89b609b2890e10413D13177fC9301Ee6,1
15960004,0xAeef2b7D89b609b2890e10413D13177fC9301Ee6,2
15960005,0xAeef2b7D89b609b2890e10413D13177fC9301Ee6,3
15960006,0xAeef2b7D89b609b2890e10413D13177fC9301Ee6,0
15960012,0xAeef2b7D89b609b2890e10413D13177fC9301Ee6,4
15960013,0xAeef2b7D89b609b2890e10413D13177fC9301Ee6,13
15960014,0xAeef2b7D89b609b2890e10413D13177fC9301Ee6,14
15960015,0xAeef2b7D89b609b2890e10413D13177fC9301Ee6,15
15960016,0xAeef2b7D89b609b2890e10413D13177fC9301Ee6,16
15960017,0xAeef2b7D89b609b2890e10413D13177fC9301Ee6,17
15960018,0xAeef2b7D89b609b2890e10413D13177fC9301Ee6,18
15960019,0xAeef2b7D89b609b2890e10413D13177fC9301Ee6,31
15960020,0xAeef2b7D89b609b2890e10413D13177fC9301Ee6,32
15960021,0xAeef2b7D89b609b2890e10413D13177fC9301Ee6,33
15960022,0xAeef2b7D89b609b2890e10413D13177fC9301Ee6,34
15960023,0xAeef2b7D89b609b2890e10413D13177fC9301Ee6,35
15960024,0xAeef2b7D89b609b2890e10413D13177fC9301Ee6,36
15960025,0xAeef2b7D89b609b2890e10413D13177fC9301Ee6,37
15960026,0xAeef2b7D89b609b2890e10413D13177fC9301Ee6,38
15960027,0xAeef2b7D89b609b2890e10413D13177fC9301Ee6,39
15960028,0xAeef2b7D89b609b2890e10413D13177fC9301Ee6,40
15960029,0xAeef2b7D89b609b2890e10413D13177fC9301Ee6,41
15960030,0xAeef2b7D89b609b2890e10413D13177fC9301Ee6,42
15960031,0xAeef2b7D89b609b2890e10413D13177fC9301Ee6,43
15960032,0xAeef2b7D89b609b2890e10413D13177fC9301Ee6,44
15960033,0xAeef2b7D89b609b2890e10413D13177fC9301Ee6,45
15960034,0xAeef2b7D89b609b2890e10413D13177fC9301Ee6,46
15960035,0xAeef2b7D89b609b2890e10413D13177fC9301Ee6,47
15960036,0xAeef2b7D89b609b2890e10413D13177fC9301Ee6,48
15960037,0xAeef2b7D89b609b2890e10413D13177fC9301Ee6,49
15960038,0xAeef2b7D89b609b2890e10413D13177fC9301Ee6,50
15960039,0xAeef2b7D89b609b2890e10413D13177fC9301Ee6,51
15960040,0xAeef2b7D89b609b2890e10413D13177fC9301Ee6,52
15960041,0xAeef2b7D89b609b2890e10413D13177fC9301Ee6,150
15960042,0xAeef2b7D89b609b2890e10413D13177fC9301Ee6,151
15960043,0xAeef2b7D89b609b2890e10413D13177fC9301Ee6,152
15960044,0xAeef2b7D89b609b2890e10413D13177fC9301Ee6,153
15960045,0xAeef2b7D89b609b2890e10413D13177fC9301Ee6,154
15960046,0xAeef2b7D89b609b2890e10413D13177fC9301Ee6,155
15960047,0xAeef2b7D89b609b2890e10413D13177fC9301Ee6,156
15960048,0xAeef2b7D89b609b2890e10413D13177fC9301Ee6,157
15960049,0xAeef2b7D89b609b2890e10413D13177fC9301Ee6,158
15960050,0xAeef2b7D89b609b2890e10413D13177fC9301Ee6,159
15960051,0xAeef2b7D89b609b2890e10413D13177fC9301Ee6,160
15960052,0xAeef2b7D89b609b2890e10413D13177fC9301Ee6,161
15960053,0xAeef2b7D89b609b2890e10413D13177fC9301Ee6,162
15960054,0xAeef2b7D89b609b2890e10413D13177fC9301Ee6,163
15960055,0xAeef2b7D89b609b2890e10413D13177fC9301Ee6,164
15960056,0xAeef2b7D89b609b2890e10413D13177fC9301Ee6,165
15960057,0xAeef2b7D89b609b2890e10413D13177fC9301Ee6,166
15960058,0xAeef2b7D89b609b2890e10413D13177fC9301Ee6,167
15960059,0xAeef2b7D89b609b2890e10413D13177fC9301Ee6,168
15960060,0xAeef2b7D89b609b2890e10413D13177fC9301Ee6,169
15960061,0xAeef2b7D89b609b2890e10413D13177fC9301Ee6,170
15960062,0xAeef2b7D89b609b2890e10413D13177fC9301Ee6,171
15960063,0xAeef2b7D89b609b2890e10413D13177fC9301Ee6,172
15960064,0xAeef2b7D89b609b2890e10413D13177fC9301Ee6,173
15960065,0xAeef2b7D89b609b2890e10413D13177fC9301Ee6,174
15960066,0xAeef2b7D89b609b2890e10413D13177fC9301Ee6,175
15960067,0xAeef2b7D89b609b2890e10413D13177fC9301Ee6,176
15960068,0xAeef2b7D89b609b2890e10413D13177fC9301Ee6,177
15960069,0xAeef2b7D89b609b2890e10413D13177fC9301Ee6,178
15960070,0xAeef2b7D89b609b2890e10413D13177fC9301Ee6,179
15960071,0xAeef2b7D89b609b2890e10413D13177fC9301Ee6,180
15960072,0xAeef2b7D89b609b2890e10413D13177fC9301Ee6,181
15960073,0xAeef2b7D89b609b2890e10413D13177fC9301Ee6,182
15960074,0xAeef2b7D89b609b2890e10413D13177fC9301Ee6,183
15960075,0xAeef2b7D89b609b2890e10413D13177fC9301Ee6,184
15960076,0xAeef2b7D89b609b2890e10413D13177fC9301Ee6,185
15960077,0xAeef2b7D89b609b2890e10413D13177fC9301Ee6,186
15960078,0xAeef2b7D89b609b2890e10413D13177fC9301Ee6,187
15960079,0xAeef2b7D89b609b2890e10413D13177fC9301Ee6,188
15960080,0xAeef2b7D89b609b2890e10413D13177fC9301Ee6,189
15960081,0xAeef2b7D89b609b2890e10413D13177fC9301Ee6,190
15960082,0xAeef2b7D89b609b2890e10413D13177fC9301Ee6,273
15960083,0xAeef2b7D89b609b2890e10413D13177fC9301Ee6,274
15960084,0xAeef2b7D89b609b2890e10413D13177fC9301Ee6,275
15960085,0xAeef2b7D89b609b2890e10413D13177fC9301Ee6,276
15960086,0xAeef2b7D89b609b2890e10413D13177fC9301Ee6,277
15960087,0xAeef2b7D89b609b2890e10413D13177fC9301Ee6,278
15960088,0xAeef2b7D89b609b2890e10413D13177fC9301Ee6,279
15960089,0xAeef2b7D89b609b2890e10413D13177fC9301Ee6,280
15960090,0xAeef2b7D89b609b2890e10413D13177fC9301Ee6,281
15960091,0xAeef2b7D89b609b2890e10413D13177fC9301Ee6,282
15960092,0xAeef2b7D89b609b2890e10413D13177fC9301Ee6,283
15960093,0xAeef2b7D89b609b2890e10413D13177fC9301Ee6,284
15960094,0xAeef2b7D89b609b2890e10413D13177fC9301Ee6,285
15960095,0xAeef2b7D89b609b2890e10413D13177fC9301Ee6,286
15960096,0xAeef2b7D89b609b2890e10413D13177fC9301Ee6,287
15960097,0xAeef2b7D89b609b2890e10413D13177fC9301Ee6,288
15960098,0xAeef2b7D89b609b2890e10413D13177fC9301Ee6,289
15960099,0xAeef2b7D89b609b2890e10413D13177fC9301Ee6,290
15960100,0xAeef2b7D89b609b2890e10413D13177fC9301Ee6,291
15960101,0xAeef2b7D89b609b2890e10413D13177fC9301Ee6,292
15960102,0xAeef2b7D89b609b2890e10413D13177fC9301Ee6,293
15960103,0xAeef2b7D89b609b2890e10413D13177fC9301Ee6,294
15960104,0xAeef2b7D89b609b2890e10413D13177fC9301Ee6,295
15960105,0xAeef2b7D89b609b2890e10413D13177fC9301Ee6,296
15960106,0xAeef2b7D89b609b2890e10413D13177fC9301Ee6,297
15960107,0xAeef2b7D89b609b2890e10413D13177fC9301Ee6,298
15960108,0xAeef2b7D89b609b2890e10413D13177fC9301Ee6,299
15960109,0xAeef2b7D89b609b2890e10413D13177fC9301Ee6,300
15960110,0xAeef2b7D89b609b2890e10413D13177fC9301Ee6,301
15960111,0xAeef2b7D89b609b2890e10413D13177fC9301Ee6,302
15960112,0xAeef2b7D89b609b2890e10413D13177fC9301Ee6,303
15960113,0xAeef2b7D89b609b2890e10413D13177fC9301Ee6,304
15960114,0xAeef2b7D89b609b2890e10413D13177fC9301Ee6,305
15960115,0xAeef2b7D89b609b2890e10413D13177fC9301Ee6,306
15960116,0xAeef2b7D89b609b2890e10413D13177fC9301Ee6,307
15960117,0xAeef2b7D89b609b2890e10413D13177fC9301Ee6,308
15960118,0xAeef2b7D89b609b2890e10413D13177fC9301Ee6,309
15960119,0xAeef2b7D89b609b2890e10413D13177fC9301Ee6,310
15960120,0xAeef2b7D89b609b2890e10413D13177fC9301Ee6,311
15960121,0xAeef2b7D89b609b2890e10413D13177fC9301Ee6,312
15960122,0xAeef2b7D89b609b2890e10413D13177fC9301Ee6,313
15960123,0xAeef2b7D89b609b2890e10413D13177fC9301Ee6,449
15960124,0xAeef2b7D89b609b2890e10413D13177fC9301Ee6,450
15960125,0xAeef2b7D89b609b2890e10413D13177fC9301Ee6,451
15960126,0xAeef2b7D89b609b2890e10413D13177fC9301Ee6,452
15960127,0xAeef2b7D89b609b2890e10413D13177fC9301Ee6,453
15960128,0xAeef2b7D89b609b2890e10413D13177fC9301Ee6,454
15960129,0xAeef2b7D89b609b2890e10413D13177fC9301Ee6,455
15960130,0xAeef2b7D89b609b2890e10413D13177fC9301Ee6,456
15960131,0xAeef2b7D89b609b2890e10413D13177fC9301Ee6,457
15960132,0xAeef2b7D89b609b2890e10413D13177fC9301Ee6,458
15960133,0xAeef2b7D89b609b2890e10413D13177fC9301Ee6,459
15960134,0xAeef2b7D89b609b2890e10413D13177fC9301Ee6,460
15960135,0xAeef2b7D89b609b2890e10413D13177fC9301Ee6,461
15960136,0xAeef2b7D89b609b2890e10413D13177fC9301Ee6,462
15960137,0xAeef2b7D89b609b2890e10413D13177fC9301Ee6,463
15960138,0xAeef2b7D89b609b2890e10413D13177fC9301Ee6,464
15960139,0xAeef2b7D89b609b2890e10413D13177fC9301Ee6,465
15960140,0xAeef2b7D89b609b2890e10413D13177fC9301Ee6,466
15960141,0xAeef2b7D89b609b2890e10413D13177fC9301Ee6,467
15960142,0xAeef2b7D89b609b2890e10413D13177fC9301Ee6,468
15960143,0xAeef2b7D89b609b2890e10413D13177fC9301Ee6,469
15960144,0xAeef2b7D89b609b2890e10413D13177fC9301Ee6,470
15960145,0xAeef2b7D89b609b2890e10413D13177fC9301Ee6,471
15960146,0xAeef2b7D89b609b2890e10413D13177fC9301Ee6,472
15960147,0xAeef2b7D89b609b2890e10413D13177fC9301Ee6,473
15960148,0xAeef2b7D89b609b2890e10413D13177fC9301Ee6,474
15960149,0xAeef2b7D89b609b2890e10413D13177fC9301Ee6,475
15960150,0xAeef2b7D89b609b2890e10413D13177fC9301Ee6,476
15960151,0xAeef2b7D89b609b2890e10413D13177fC9301Ee6,477
15960152,0xAeef2b7D89b609b2890e10413D13177fC9301Ee6,478
15960153,0xAeef2b7D89b609b2890e10413D13177fC9301Ee6,479
15960154,0xAeef2b7D89b609b2890e10413D13177fC9301Ee6,480
15960155,0xAeef2b7D89b609b2890e10413D13177fC9301Ee6,481
15960156,0xAeef2b7D89b609b2890e10413D13177fC9301Ee6,482
15960157,0xAeef2b7D89b609b2890e10413D13177fC9301Ee6,483
15960158,0xAeef2b7D89b609b2890e10413D13177fC9301Ee6,484
15960159,0xAeef2b7D89b609b2890e10413D13177fC9301Ee6,485
15960160,0xAeef2b7D89b609b2890e10413D13177fC9301Ee6,486
15960161,0xAeef2b7D89b609b2890e10413D13177fC9301Ee6,487
15960162,0xAeef2b7D89b609b2890e10413D13177fC9301Ee6,488
15960163,0xAeef2b7D89b609b2890e10413D13177fC9301Ee6,489
15960164,0xAeef2b7D89b609b2890e10413D13177fC9301Ee6,490
15960165,0xAeef2b7D89b609b2890e10413D13177fC9301Ee6,491
15960166,0xAeef2b7D89b609b2890e10413D13177fC9301Ee6,492
15960167,0xAeef2b7D89b609b2890e10413D13177fC9301Ee6,493
15960168,0xAeef2b7D89b609b2890e10413D13177fC9301Ee6,494
15960169,0xAeef2b7D89b609b2890e10413D13177fC9301Ee6,495
15960170,0xAeef2b7D89b609b2890e10413D13177fC9301Ee6,496
15960171,0xAeef2b7D89b609b2890e10413D13177fC9301Ee6,497
15960172,0xAeef2b7D89b609b2890e10413D13177fC9301Ee6,498
15960173,0xAeef2b7D89b609b2890e10413D13177fC9301Ee6,499
15960174,0xAeef2b7D89b609b2890e10413D13177fC9301Ee6,500
15960175,0xAeef2b7D89b609b2890e10413D13177fC9301Ee6,501
15960176,0xAeef2b7D89b609b2890e10413D13177fC9301Ee6,502
15960177,0xAeef2b7D89b609b2890e10413D13177fC9301Ee6,503
15960178,0xAeef2b7D89b609b2890e10413D13177fC9301Ee6,504
15960179,0xAeef2b7D89b609b2890e10413D13177fC9301Ee6,505
15960180,0xAeef2b7D89b609b2890e10413D13177fC9301Ee6,506
15960181,0xAeef2b7D89b609b2890e10413D13177fC9301Ee6,507
15960182,0xAeef2b7D89b609b2890e10413D13177fC9301Ee6,508
15960183,0xAeef2b7D89b609b2890e10413D13177fC9301Ee6,509
15960184,0xAeef2b7D89b609b2890e10413D13177fC9301Ee6,510
15960185,0xAeef2b7D89b609b2890e10413D13177fC9301Ee6,511
15960186,0xAeef2b7D89b609b2890e10413D13177fC9301Ee6,512
15960187,0xAeef2b7D89b609b2890e10413D13177fC9301Ee6,513
15960188,0xAeef2b7D89b609b2890e10413D13177fC9301Ee6,514
15960189,0xAeef2b7D89b609b2890e10413D13177fC9301Ee6,515
15960190,0xAeef2b7D89b609b2890e10413D13177fC9301Ee6,516
15960191,0xAeef2b7D89b609b2890e10413D13177fC9301Ee6,517
15960192,0xAeef2b7D89b609b2890e10413D13177fC9301Ee6,518
15960193,0xAeef2b7D89b609b2890e10413D13177fC9301Ee6,519
15960194,0xAeef2b7D89b609b2890e10413D13177fC9301Ee6,520
15960195,0xAeef2b7D89b609b2890e10413D13177fC9301Ee6,521
15960196,0xAeef2b7D89b609b2890e10413D13177fC9301Ee6,522
15960197,0xAeef2b7D89b609b2890e10413D13177fC9301Ee6,523
15960198,0xAeef2b7D89b609b2890e10413D13177fC9301Ee6,524
15960199,0xAeef2b7D89b609b2890e10413D13177fC9301Ee6,525
15960200,0xAeef2b7D89b609b2890e10413D13177fC9301Ee6,526
15960201,0xAeef2b7D89b609b2890e10413D13177fC9301Ee6,527
15960202,0xAeef2b7D89b609b2890e10413D13177fC9301Ee6,634
15960203,0xAeef2b7D89b609b2890e10413D13177fC9301Ee6,635
15960204,0xAeef2b7D89b609b2890e10413D13177fC9301Ee6,636
15960205,0xAeef2b7D89b609b2890e10413D13177fC9301Ee6,637
15960206,0xAeef2b7D89b609b2890e10413D13177fC9301Ee6,638
15960207,0xAeef2b7D89b609b2890e10413D13177fC9301Ee6,639
15960208,0xAeef2b7D89b609b2890e10413D13177fC9301Ee6,640
15960209,0xAeef2b7D89b609b2890e10413D13177fC9301Ee6,641
15960210,0xAeef2b7D89b609b2890e10413D13177fC9301Ee6,642
15960211,0xAeef2b7D89b609b2890e10413D13177fC9301Ee6,643
15960212,0xAeef2b7D89b609b2890e10413D13177fC9301Ee6,644
15960213,0xAeef2b7D89b609b2890e10413D13177fC9301Ee6,645
15960214,0xAeef2b7D89b609b2890e10413D13177fC9301Ee6,646
15960215,0xAeef2b7D89b609b2890e10413D13177fC9301Ee6,647
15960216,0xAeef2b7D89b609b2890e10413D13177fC9301Ee6,648
15960217,0xAeef2b7D89b609b2890e10413D13177fC9301Ee6,649
15960218,0xAeef2b7D89b609b2890e10413D13177fC9301Ee6,650
15960219,0xAeef2b7D89b609b2890e10413D13177fC9301Ee6,651
15960220,0xAeef2b7D89b609b2890e10413D13177fC9301Ee6,652
15960221,0xAeef2b7D89b609b2890e10413D13177fC9301Ee6,653
15960222,0xAeef2b7D89b609b2890e10413D13177fC9301Ee6,654
15960223,0xAeef2b7D89b609b2890e10413D13177fC9301Ee6,655
15960224,0xAeef2b7D89b609b2890e10413D13177fC9301Ee6,656
15960225,0xAeef2b7D89b609b2890e10413D13177fC9301Ee6,657
15960226,0xAeef2b7D89b609b2890e10413D13177fC9301Ee6,658
15960227,0xAeef2b7D89b609b2890e10413D13177fC9301Ee6,659
15960228,0xAeef2b7D89b609b2890e10413D13177fC9301Ee6,660
15960229,0xAeef2b7D89b609b2890e10413D13177fC9301Ee6,661
15960230,0xAeef2b7D89b609b2890e10413D13177fC9301Ee6,662
15960231,0xAeef2b7D89b609b2890e10413D13177fC9301Ee6,663
15960232,0xAeef2b7D89b609b2890e10413D13177fC9301Ee6,664
15960233,0xAeef2b7D89b609b2890e10413D13177fC9301Ee6,665
15960234,0xAeef2b7D89b609b2890e10413D13177fC9301Ee6,666
15960235,0xAeef2b7D89b609b2890e10413D13177fC9301Ee6,667
15960236,0xAeef2b7D89b609b2890e10413D13177fC9301Ee6,668
15960237,0xAeef2b7D89b609b2890e10413D13177fC9301Ee6,669
15960238,0xAeef2b7D89b609b2890e10413D13177fC9301Ee6,670
15960239,0xAeef2b7D89b609b2890e10413D13177fC9301Ee6,671
15960240,0xAeef2b7D89b609b2890e10413D13177fC9301Ee6,672
15960241,0xAeef2b7D89b609b2890e10413D13177fC9301Ee6,673
15960242,0xAeef2b7D89b609b2890e10413D13177fC9301Ee6,739
15960243,0xAeef2b7D89b609b2890e10413D13177fC9301Ee6,740
15960244,0xAeef2b7D89b609b2890e10413D13177fC9301Ee6,741
15960245,0xAeef2b7D89b609b2890e10413D13177fC9301Ee6,742
15960246,0xAeef2b7D89b609b2890e10413D13177fC9301Ee6,743
15960247,0xAeef2b7D89b609b2890e10413D13177fC9301Ee6,744
15960248,0xAeef2b7D89b609b2890e10413D13177fC9301Ee6,745
15960249,0xAeef2b7D89b609b2890e10413D13177fC9301Ee6,746
15960250,0xAeef2b7D89b609b2890e10413D13177fC9301Ee6,747
15960251,0xAeef2b7D89b609b2890e10413D13177fC9301Ee6,748
15960252,0xAeef2b7D89b609b2890e10413D13177fC9301Ee6,749
15960253,0xAeef2b7D89b609b2890e10413D13177fC9301Ee6,750
15960254,0xAeef2b7D89b609b2890e10413D13177fC9301Ee6,751
15960255,0xAeef2b7D89b609b2890e10413D13177fC9301Ee6,752
15960256,0xAeef2b7D89b609b2890e10413D13177fC9301Ee6,753
15960257,0xAeef2b7D89b609b2890e10413D13177fC9301Ee6,754
15960258,0xAeef2b7D89b609b2890e10413D13177fC9301Ee6,755
15960259,0xAeef2b7D89b609b2890e10413D13177fC9301Ee6,756
15960260,0xAeef2b7D89b609b2890e10413D13177fC9301Ee6,757
15960261,0xAeef2b7D89b609b2890e10413D13177fC9301Ee6,758
15960262,0xAeef2b7D89b609b2890e10413D13177fC9301Ee6,759
15960263,0xAeef2b7D89b609b2890e10413D13177fC9301Ee6,760
15960264,0xAeef2b7D89b609b2890e10413D13177fC9301Ee6,761
15960265,0xAeef2b7D89b609b2890e10413D13177fC9301Ee6,762
15960266,0xAeef2b7D89b609b2890e10413D13177fC9301Ee6,763
15960267,0xAeef2b7D89b609b2890e10413D13177fC9301Ee6,764
15960268,0xAeef2b7D89b609b2890e10413D13177fC9301Ee6,765
15960269,0xAeef2b7D89b609b2890e10413D13177fC9301Ee6,766
15960270,0xAeef2b7D89b609b2890e10413D13177fC9301Ee6,846
15960271,0xAeef2b7D89b609b2890e10413D13177fC9301Ee6,847
15960272,0xAeef2b7D89b609b2890e10413D13177fC9301Ee6,849
15960273,0xAeef2b7D89b609b2890e10413D13177fC9301Ee6,850
15960274,0xAeef2b7D89b609b2890e10413D13177fC9301Ee6,851
15960275,0xAeef2b7D89b609b2890e10413D13177fC9301Ee6,852
15960276,0xAeef2b7D89b609b2890e10413D13177fC9301Ee6,853
15960277,0xAeef2b7D89b609b2890e10413D13177fC9301Ee6,854
15960278,0xAeef2b7D89b609b2890e10413D13177fC9301Ee6,855
15960279,0xAeef2b7D89b609b2890e10413D13177fC9301Ee6,856
15960280,0xAeef2b7D89b609b2890e10413D13177fC9301Ee6,857
15960281,0xAeef2b7D89b609b2890e10413D13177fC9301Ee6,858
15960282,0xAeef2b7D89b609b2890e10413D13177fC9301Ee6,859
15960283,0xAeef2b7D89b609b2890e10413D13177fC9301Ee6,860
15960284,0xAeef2b7D89b609b2890e10413D13177fC9301Ee6,861
15960285,0xAeef2b7D89b609b2890e10413D13177fC9301Ee6,862
15960286,0xAeef2b7D89b609b2890e10413D13177fC9301Ee6,864
15960287,0xAeef2b7D89b609b2890e10413D13177fC9301Ee6,865
15960288,0xAeef2b7D89b609b2890e10413D13177fC9301Ee6,867
15960289,0xAeef2b7D89b609b2890e10413D13177fC9301Ee6,868
15960290,0xAeef2b7D89b609b2890e10413D13177fC9301Ee6,869
15960291,0xAeef2b7D89b609b2890e10413D13177fC9301Ee6,870
15960292,0xAeef2b7D89b609b2890e10413D13177fC9301Ee6,871
15960293,0xAeef2b7D89b609b2890e10413D13177fC9301Ee6,872
15960294,0xAeef2b7D89b609b2890e10413D13177fC9301Ee6,873
15960295,0xAeef2b7D89b609b2890e10413D13177fC9301Ee6,874
15960296,0xAeef2b7D89b609b2890e10413D13177fC9301Ee6,875
15960297,0xAeef2b7D89b609b2890e10413D13177fC9301Ee6,877
15960298,0xAeef2b7D89b609b2890e10413D13177fC9301Ee6,878
15960299,0xAeef2b7D89b609b2890e10413D13177fC9301Ee6,879
15960300,0xAeef2b7D89b609b2890e10413D13177fC9301Ee6,880
15960301,0xAeef2b7D89b609b2890e10413D13177fC9301Ee6,881
15960302,0xAeef2b7D89b609b2890e10413D13177fC9301Ee6,883
15960303,0xAeef2b7D89b609b2890e10413D13177fC9301Ee6,884
15960304,0xAeef2b7D89b609b2890e10413D13177fC9301Ee6,885
15960305,0xAeef2b7D89b609b2890e10413D13177fC9301Ee6,887
15960306,0xAeef2b7D89b609b2890e10413D13177fC9301Ee6,888
15960307,0xAeef2b7D89b609b2890e10413D13177fC9301Ee6,889
15960308,0xAeef2b7D89b609b2890e10413D13177fC9301Ee6,890
15960309,0xAeef2b7D89b609b2890e10413D13177fC9301Ee6,891
15960310,0xAeef2b7D89b609b2890e10413D13177fC9301Ee6,892
15960311,0xAeef2b7D89b609b2890e10413D13177fC9301Ee6,893
15960312,0xAeef2b7D89b609b2890e10413D13177fC9301Ee6,894
15960313,0xAeef2b7D89b609b2890e10413D13177fC9301Ee6,895
15960314,0xAeef2b7D89b609b2890e10413D13177fC9301Ee6,896
15960315,0xAeef2b7D89b609b2890e10413D13177fC9301Ee6,897
15960316,0xAeef2b7D89b609b2890e10413D13177fC9301Ee6,898
15960317,0xAeef2b7D89b609b2890e10413D13177fC9301Ee6,942
15960318,0xAeef2b7D89b609b2890e10413D13177fC9301Ee6,943
15960319,0xAeef2b7D89b609b2890e10413D13177fC9301Ee6,944
15960320,0xAeef2b7D89b609b2890e10413D13177fC9301Ee6,946
15960321,0xAeef2b7D89b609b2890e10413D13177fC9301Ee6,947
15960322,0xAeef2b7D89b609b2890e10413D13177fC9301Ee6,948
15960323,0xAeef2b7D89b609b2890e10413D13177fC9301Ee6,950
15960324,0xAeef2b7D89b609b2890e10413D13177fC9301Ee6,951
15960325,0xAeef2b7D89b609b2890e10413D13177fC9301Ee6,952
15960326,0xAeef2b7D89b609b2890e10413D13177fC9301Ee6,953
15960327,0xAeef2b7D89b609b2890e10413D13177fC9301Ee6,954
15960328,0xAeef2b7D89b609b2890e10413D13177fC9301Ee6,955
15960329,0xAeef2b7D89b609b2890e10413D13177fC9301Ee6,956
15960330,0xAeef2b7D89b609b2890e10413D13177fC9301Ee6,957
15960331,0xAeef2b7D89b609b2890e10413D13177fC9301Ee6,958
15960332,0xAeef2b7D89b609b2890e10413D13177fC9301Ee6,959
15960333,0xAeef2b7D89b609b2890e10413D13177fC9301Ee6,960
15960334,0xAeef2b7D89b609b2890e10413D13177fC9301Ee6,961
15960335,0xAeef2b7D89b609b2890e10413D13177fC9301Ee6,962
15960336,0xAeef2b7D89b609b2890e10413D13177fC9301Ee6,963
15960337,0xAeef2b7D89b609b2890e10413D13177fC9301Ee6,964
15960459,0xAeef2b7D89b609b2890e10413D13177fC9301Ee6,814
15960461,0xAeef2b7D89b609b2890e10413D13177fC9301Ee6,824
15960462,0xAeef2b7D89b609b2890e10413D13177fC9301Ee6,837
15960463,0xAeef2b7D89b609b2890e10413D13177fC9301Ee6,848
15990003,0xAeef2b7D89b609b2890e10413D13177fC9301Ee6,5
15990004,0xAeef2b7D89b609b2890e10413D13177fC9301Ee6,6
15990005,0xAeef2b7D89b609b2890e10413D13177fC9301Ee6,7
15990006,0xAeef2b7D89b609b2890e10413D13177fC9301Ee6,8
15990007,0xAeef2b7D89b609b2890e10413D13177fC9301Ee6,9
15990008,0xAeef2b7D89b609b2890e10413D13177fC9301Ee6,53
15990009,0xAeef2b7D89b609b2890e10413D13177fC9301Ee6,54
15990010,0xAeef2b7D89b609b2890e10413D13177fC9301Ee6,55
15990011,0xAeef2b7D89b609b2890e10413D13177fC9301Ee6,56
15990012,0xAeef2b7D89b609b2890e10413D13177fC9301Ee6,57
15990013,0xAeef2b7D89b609b2890e10413D13177fC9301Ee6,58
15990014,0xAeef2b7D89b609b2890e10413D13177fC9301Ee6,59
15990015,0xAeef2b7D89b609b2890e10413D13177fC9301Ee6,60
15990016,0xAeef2b7D89b609b2890e10413D13177fC9301Ee6,61
15990017,0xAeef2b7D89b609b2890e10413D13177fC9301Ee6,62
15990018,0xAeef2b7D89b609b2890e10413D13177fC9301Ee6,63
15990019,0xAeef2b7D89b609b2890e10413D13177fC9301Ee6,64
15990020,0xAeef2b7D89b609b2890e10413D13177fC9301Ee6,65
15990021,0xAeef2b7D89b609b2890e10413D13177fC9301Ee6,66
15990022,0xAeef2b7D89b609b2890e10413D13177fC9301Ee6,67
15990023,0xAeef2b7D89b609b2890e10413D13177fC9301Ee6,68
15990024,0xAeef2b7D89b609b2890e10413D13177fC9301Ee6,69
15990025,0xAeef2b7D89b609b2890e10413D13177fC9301Ee6,70
15990026,0xAeef2b7D89b609b2890e10413D13177fC9301Ee6,71
15990027,0xAeef2b7D89b609b2890e10413D13177fC9301Ee6,72
15990028,0xAeef2b7D89b609b2890e10413D13177fC9301Ee6,73
15990029,0xAeef2b7D89b609b2890e10413D13177fC9301Ee6,74
15990030,0xAeef2b7D89b609b2890e10413D13177fC9301Ee6,75
15990031,0xAeef2b7D89b609b2890e10413D13177fC9301Ee6,76
15990032,0xAeef2b7D89b609b2890e10413D13177fC9301Ee6,77
15990033,0xAeef2b7D89b609b2890e10413D13177fC9301Ee6,78
15990034,0xAeef2b7D89b609b2890e10413D13177fC9301Ee6,79
15990035,0xAeef2b7D89b609b2890e10413D13177fC9301Ee6,80
15990036,0xAeef2b7D89b609b2890e10413D13177fC9301Ee6,81
15990037,0xAeef2b7D89b609b2890e10413D13177fC9301Ee6,82
15990038,0xAeef2b7D89b609b2890e10413D13177fC9301Ee6,83
15990039,0xAeef2b7D89b609b2890e10413D13177fC9301Ee6,84
15990040,0xAeef2b7D89b609b2890e10413D13177fC9301Ee6,85
15990041,0xAeef2b7D89b609b2890e10413D13177fC9301Ee6,86
15990042,0xAeef2b7D89b609b2890e10413D13177fC9301Ee6,87
15990043,0xAeef2b7D89b609b2890e10413D13177fC9301Ee6,88
15990044,0xAeef2b7D89b609b2890e10413D13177fC9301Ee6,89
15990045,0xAeef2b7D89b609b2890e10413D13177fC9301Ee6,90
15990046,0xAeef2b7D89b609b2890e10413D13177fC9301Ee6,91
15990047,0xAeef2b7D89b609b2890e10413D13177fC9301Ee6,92
15990048,0xAeef2b7D89b609b2890e10413D13177fC9301Ee6,93
15990049,0xAeef2b7D89b609b2890e10413D13177fC9301Ee6,94
15990050,0xAeef2b7D89b609b2890e10413D13177fC9301Ee6,95
15990051,0xAeef2b7D89b609b2890e10413D13177fC9301Ee6,96
15990052,0xAeef2b7D89b609b2890e10413D13177fC9301Ee6,97
15990053,0xAeef2b7D89b609b2890e10413D13177fC9301Ee6,98
15990054,0xAeef2b7D89b609b2890e10413D13177fC9301Ee6,191
15990055,0xAeef2b7D89b609b2890e10413D13177fC9301Ee6,192
15990056,0xAeef2b7D89b609b2890e10413D13177fC9301Ee6,193
15990057,0xAeef2b7D89b609b2890e10413D13177fC9301Ee6,194
15990058,0xAeef2b7D89b609b2890e10413D13177fC9301Ee6,195
15990059,0xAeef2b7D89b609b2890e10413D13177fC9301Ee6,196
15990060,0xAeef2b7D89b609b2890e10413D13177fC9301Ee6,197
15990061,0xAeef2b7D89b609b2890e10413D13177fC9301Ee6,198
15990062,0xAeef2b7D89b609b2890e10413D13177fC9301Ee6,199
15990063,0xAeef2b7D89b609b2890e10413D13177fC9301Ee6,200
15990064,0xAeef2b7D89b609b2890e10413D13177fC9301Ee6,201
15990065,0xAeef2b7D89b609b2890e10413D13177fC9301Ee6,202
15990066,0xAeef2b7D89b609b2890e10413D13177fC9301Ee6,203
15990067,0xAeef2b7D89b609b2890e10413D13177fC9301Ee6,204
15990068,0xAeef2b7D89b609b2890e10413D13177fC9301Ee6,205
15990069,0xAeef2b7D89b609b2890e10413D13177fC9301Ee6,206
15990070,0xAeef2b7D89b609b2890e10413D13177fC9301Ee6,207
15990071,0xAeef2b7D89b609b2890e10413D13177fC9301Ee6,208
15990072,0xAeef2b7D89b609b2890e10413D13177fC9301Ee6,209
15990073,0xAeef2b7D89b609b2890e10413D13177fC9301Ee6,210
15990074,0xAeef2b7D89b609b2890e10413D13177fC9301Ee6,211
15990075,0xAeef2b7D89b609b2890e10413D13177fC9301Ee6,212
15990076,0xAeef2b7D89b609b2890e10413D13177fC9301Ee6,213
15990077,0xAeef2b7D89b609b2890e10413D13177fC9301Ee6,214
15990078,0xAeef2b7D89b609b2890e10413D13177fC9301Ee6,215
15990079,0xAeef2b7D89b609b2890e10413D13177fC9301Ee6,216
15990080,0xAeef2b7D89b609b2890e10413D13177fC9301Ee6,217
15990081,0xAeef2b7D89b609b2890e10413D13177fC9301Ee6,218
15990082,0xAeef2b7D89b609b2890e10413D13177fC9301Ee6,219
15990083,0xAeef2b7D89b609b2890e10413D13177fC9301Ee6,220
15990084,0xAeef2b7D89b609b2890e10413D13177fC9301Ee6,221
15990085,0xAeef2b7D89b609b2890e10413D13177fC9301Ee6,222
15990086,0xAeef2b7D89b609b2890e10413D13177fC9301Ee6,223
15990087,0xAeef2b7D89b609b2890e10413D13177fC9301Ee6,224
15990088,0xAeef2b7D89b609b2890e10413D13177fC9301Ee6,225
15990089,0xAeef2b7D89b609b2890e10413D13177fC9301Ee6,226
15990090,0xAeef2b7D89b609b2890e10413D13177fC9301Ee6,227
15990091,0xAeef2b7D89b609b2890e10413D13177fC9301Ee6,228
15990092,0xAeef2b7D89b609b2890e10413D13177fC9301Ee6,229
15990093,0xAeef2b7D89b609b2890e10413D13177fC9301Ee6,230
15990094,0xAeef2b7D89b609b2890e10413D13177fC9301Ee6,231
15990095,0xAeef2b7D89b609b2890e10413D13177fC9301Ee6,232
15990096,0xAeef2b7D89b609b2890e10413D13177fC9301Ee6,233
15990097,0xAeef2b7D89b609b2890e10413D13177fC9301Ee6,314
15990098,0xAeef2b7D89b609b2890e10413D13177fC9301Ee6,315
15990099,0xAeef2b7D89b609b2890e10413D13177fC9301Ee6,316
15990100,0xAeef2b7D89b609b2890e10413D13177fC9301Ee6,317
15990101,0xAeef2b7D89b609b2890e10413D13177fC9301Ee6,318
15990102,0xAeef2b7D89b609b2890e10413D13177fC9301Ee6,319
15990103,0xAeef2b7D89b609b2890e10413D13177fC9301Ee6,320
15990104,0xAeef2b7D89b609b2890e10413D13177fC9301Ee6,321
15990105,0xAeef2b7D89b609b2890e10413D13177fC9301Ee6,322
15990106,0xAeef2b7D89b609b2890e10413D13177fC9301Ee6,323
15990107,0xAeef2b7D89b609b2890e10413D13177fC9301Ee6,324
15990108,0xAeef2b7D89b609b2890e10413D13177fC9301Ee6,325
15990109,0xAeef2b7D89b609b2890e10413D13177fC9301Ee6,326
15990110,0xAeef2b7D89b609b2890e10413D13177fC9301Ee6,327
15990111,0xAeef2b7D89b609b2890e10413D13177fC9301Ee6,328
15990112,0xAeef2b7D89b609b2890e10413D13177fC9301Ee6,329
15990113,0xAeef2b7D89b609b2890e10413D13177fC9301Ee6,330
15990114,0xAeef2b7D89b609b2890e10413D13177fC9301Ee6,331
15990115,0xAeef2b7D89b609b2890e10413D13177fC9301Ee6,332
15990116,0xAeef2b7D89b609b2890e10413D13177fC9301Ee6,333
15990117,0xAeef2b7D89b609b2890e10413D13177fC9301Ee6,334
15990118,0xAeef2b7D89b609b2890e10413D13177fC9301Ee6,335
15990119,0xAeef2b7D89b609b2890e10413D13177fC9301Ee6,336
15990120,0xAeef2b7D89b609b2890e10413D13177fC9301Ee6,337
15990121,0xAeef2b7D89b609b2890e10413D13177fC9301Ee6,338
15990122,0xAeef2b7D89b609b2890e10413D13177fC9301Ee6,339
15990123,0xAeef2b7D89b609b2890e10413D13177fC9301Ee6,340
15990124,0xAeef2b7D89b609b2890e10413D13177fC9301Ee6,341
15990125,0xAeef2b7D89b609b2890e10413D13177fC9301Ee6,342
15990126,0xAeef2b7D89b609b2890e10413D13177fC9301Ee6,343
15990127,0xAeef2b7D89b609b2890e10413D13177fC9301Ee6,344
15990128,0xAeef2b7D89b609b2890e10413D13177fC9301Ee6,345
15990129,0xAeef2b7D89b609b2890e10413D13177fC9301Ee6,346
15990130,0xAeef2b7D89b609b2890e10413D13177fC9301Ee6,347
15990131,0xAeef2b7D89b609b2890e10413D13177fC9301Ee6,348
15990132,0xAeef2b7D89b609b2890e10413D13177fC9301Ee6,349
15990133,0xAeef2b7D89b609b2890e10413D13177fC9301Ee6,350
15990134,0xAeef2b7D89b609b2890e10413D13177fC9301Ee6,351
15990135,0xAeef2b7D89b609b2890e10413D13177fC9301Ee6,352
15990136,0xAeef2b7D89b609b2890e10413D13177fC9301Ee6,353
15990137,0xAeef2b7D89b609b2890e10413D13177fC9301Ee6,354
15990138,0xAeef2b7D89b609b2890e10413D13177fC9301Ee6,355
15990139,0xAeef2b7D89b609b2890e10413D13177fC9301Ee6,356
15990140,0xAeef2b7D89b609b2890e10413D13177fC9301Ee6,357
15990141,0xAeef2b7D89b609b2890e10413D13177fC9301Ee6,358
15990142,0xAeef2b7D89b609b2890e10413D13177fC9301Ee6,359
15990143,0xAeef2b7D89b609b2890e10413D13177fC9301Ee6,360
15990144,0xAeef2b7D89b609b2890e10413D13177fC9301Ee6,361
15990145,0xAeef2b7D89b609b2890e10413D13177fC9301Ee6,362
15990146,0xAeef2b7D89b609b2890e10413D13177fC9301Ee6,363
15990147,0xAeef2b7D89b609b2890e10413D13177fC9301Ee6,364
15990148,0xAeef2b7D89b609b2890e10413D13177fC9301Ee6,365
15990149,0xAeef2b7D89b609b2890e10413D13177fC9301Ee6,366
15990150,0xAeef2b7D89b609b2890e10413D13177fC9301Ee6,367
15990151,0xAeef2b7D89b609b2890e10413D13177fC9301Ee6,368
15990152,0xAeef2b7D89b609b2890e10413D13177fC9301Ee6,369
15990153,0xAeef2b7D89b609b2890e10413D13177fC9301Ee6,370
15990154,0xAeef2b7D89b609b2890e10413D13177fC9301Ee6,371
15990155,0xAeef2b7D89b609b2890e10413D13177fC9301Ee6,372
15990156,0xAeef2b7D89b609b2890e10413D13177fC9301Ee6,373
15990157,0xAeef2b7D89b609b2890e10413D13177fC9301Ee6,374
15990158,0xAeef2b7D89b609b2890e10413D13177fC9301Ee6,375
15990159,0xAeef2b7D89b609b2890e10413D13177fC9301Ee6,376
15990160,0xAeef2b7D89b609b2890e10413D13177fC9301Ee6,377
15990161,0xAeef2b7D89b609b2890e10413D13177fC9301Ee6,378
15990162,0xAeef2b7D89b609b2890e10413D13177fC9301Ee6,379
15990163,0xAeef2b7D89b609b2890e10413D13177fC9301Ee6,380
15990164,0xAeef2b7D89b609b2890e10413D13177fC9301Ee6,528
15990165,0xAeef2b7D89b609b2890e10413D13177fC9301Ee6,529
15990166,0xAeef2b7D89b609b2890e10413D13177fC9301Ee6,530
15990167,0xAeef2b7D89b609b2890e10413D13177fC9301Ee6,531
15990168,0xAeef2b7D89b609b2890e10413D13177fC9301Ee6,532
15990169,0xAeef2b7D89b609b2890e10413D13177fC9301Ee6,533
15990170,0xAeef2b7D89b609b2890e10413D13177fC9301Ee6,534
15990171,0xAeef2b7D89b609b2890e10413D13177fC9301Ee6,535
15990172,0xAeef2b7D89b609b2890e10413D13177fC9301Ee6,536
15990173,0xAeef2b7D89b609b2890e10413D13177fC9301Ee6,537
15990174,0xAeef2b7D89b609b2890e10413D13177fC9301Ee6,538
15990175,0xAeef2b7D89b609b2890e10413D13177fC9301Ee6,539
15990176,0xAeef2b7D89b609b2890e10413D13177fC9301Ee6,540
15990177,0xAeef2b7D89b609b2890e10413D13177fC9301Ee6,541
15990178,0xAeef2b7D89b609b2890e10413D13177fC9301Ee6,542
15990179,0xAeef2b7D89b609b2890e10413D13177fC9301Ee6,543
15990180,0xAeef2b7D89b609b2890e10413D13177fC9301Ee6,544
15990181,0xAeef2b7D89b609b2890e10413D13177fC9301Ee6,545
15990182,0xAeef2b7D89b609b2890e10413D13177fC9301Ee6,546
15990183,0xAeef2b7D89b609b2890e10413D13177fC9301Ee6,547
15990184,0xAeef2b7D89b609b2890e10413D13177fC9301Ee6,548
15990185,0xAeef2b7D89b609b2890e10413D13177fC9301Ee6,549
15990186,0xAeef2b7D89b609b2890e10413D13177fC9301Ee6,550
15990187,0xAeef2b7D89b609b2890e10413D13177fC9301Ee6,551
15990188,0xAeef2b7D89b609b2890e10413D13177fC9301Ee6,552
15990189,0xAeef2b7D89b609b2890e10413D13177fC9301Ee6,553
15990190,0xAeef2b7D89b609b2890e10413D13177fC9301Ee6,554
15990191,0xAeef2b7D89b609b2890e10413D13177fC9301Ee6,555
15990192,0xAeef2b7D89b609b2890e10413D13177fC9301Ee6,556
15990193,0xAeef2b7D89b609b2890e10413D13177fC9301Ee6,557
15990194,0xAeef2b7D89b609b2890e10413D13177fC9301Ee6,558
15990195,0xAeef2b7D89b609b2890e10413D13177fC9301Ee6,559
15990196,0xAeef2b7D89b609b2890e10413D13177fC9301Ee6,560
15990197,0xAeef2b7D89b609b2890e10413D13177fC9301Ee6,561
15990198,0xAeef2b7D89b609b2890e10413D13177fC9301Ee6,562
15990199,0xAeef2b7D89b609b2890e10413D13177fC9301Ee6,563
15990200,0xAeef2b7D89b609b2890e10413D13177fC9301Ee6,564
15990201,0xAeef2b7D89b609b2890e10413D13177fC9301Ee6,602
15990202,0xAeef2b7D89b609b2890e10413D13177fC9301Ee6,603
15990203,0xAeef2b7D89b609b2890e10413D13177fC9301Ee6,604
15990204,0xAeef2b7D89b609b2890e10413D13177fC9301Ee6,605
15990205,0xAeef2b7D89b609b2890e10413D13177fC9301Ee6,606
15990206,0xAeef2b7D89b609b2890e10413D13177fC9301Ee6,607
15990207,0xAeef2b7D89b609b2890e10413D13177fC9301Ee6,608
15990208,0xAeef2b7D89b609b2890e10413D13177fC9301Ee6,609
15990209,0xAeef2b7D89b609b2890e10413D13177fC9301Ee6,610
15990210,0xAeef2b7D89b609b2890e10413D13177fC9301Ee6,611
15990211,0xAeef2b7D89b609b2890e10413D13177fC9301Ee6,612
15990212,0xAeef2b7D89b609b2890e10413D13177fC9301Ee6,613
15990213,0xAeef2b7D89b609b2890e10413D13177fC9301Ee6,614
15990214,0xAeef2b7D89b609b2890e10413D13177fC9301Ee6,615
15990215,0xAeef2b7D89b609b2890e10413D13177fC9301Ee6,616
15990216,0xAeef2b7D89b609b2890e10413D13177fC9301Ee6,617
15990217,0xAeef2b7D89b609b2890e10413D13177fC9301Ee6,618
15990218,0xAeef2b7D89b609b2890e10413D13177fC9301Ee6,619
15990219,0xAeef2b7D89b609b2890e10413D13177fC9301Ee6,620
15990220,0xAeef2b7D89b609b2890e10413D13177fC9301Ee6,621
15990221,0xAeef2b7D89b609b2890e10413D13177fC9301Ee6,622
15990222,0xAeef2b7D89b609b2890e10413D13177fC9301Ee6,623
15990223,0xAeef2b7D89b609b2890e10413D13177fC9301Ee6,624
15990224,0xAeef2b7D89b609b2890e10413D13177fC9301Ee6,625
15990225,0xAeef2b7D89b609b2890e10413D13177fC9301Ee6,626
15990226,0xAeef2b7D89b609b2890e10413D13177fC9301Ee6,627
15990227,0xAeef2b7D89b609b2890e10413D13177fC9301Ee6,628
15990228,0xAeef2b7D89b609b2890e10413D13177fC9301Ee6,629
15990229,0xAeef2b7D89b609b2890e10413D13177fC9301Ee6,630
15990230,0xAeef2b7D89b609b2890e10413D13177fC9301Ee6,631
15990231,0xAeef2b7D89b609b2890e10413D13177fC9301Ee6,632
15990232,0xAeef2b7D89b609b2890e10413D13177fC9301Ee6,633
15990233,0xAeef2b7D89b609b2890e10413D13177fC9301Ee6,701
15990234,0xAeef2b7D89b609b2890e10413D13177fC9301Ee6,702
15990235,0xAeef2b7D89b609b2890e10413D13177fC9301Ee6,703
15990236,0xAeef2b7D89b609b2890e10413D13177fC9301Ee6,704
15990237,0xAeef2b7D89b609b2890e10413D13177fC9301Ee6,705
15990238,0xAeef2b7D89b609b2890e10413D13177fC9301Ee6,706
15990239,0xAeef2b7D89b609b2890e10413D13177fC9301Ee6,707
15990240,0xAeef2b7D89b609b2890e10413D13177fC9301Ee6,708
15990241,0xAeef2b7D89b609b2890e10413D13177fC9301Ee6,709
15990242,0xAeef2b7D89b609b2890e10413D13177fC9301Ee6,710
15990243,0xAeef2b7D89b609b2890e10413D13177fC9301Ee6,711
15990244,0xAeef2b7D89b609b2890e10413D13177fC9301Ee6,712
15990245,0xAeef2b7D89b609b2890e10413D13177fC9301Ee6,713
15990246,0xAeef2b7D89b609b2890e10413D13177fC9301Ee6,714
15990247,0xAeef2b7D89b609b2890e10413D13177fC9301Ee6,715
15990248,0xAeef2b7D89b609b2890e10413D13177fC9301Ee6,716
15990249,0xAeef2b7D89b609b2890e10413D13177fC9301Ee6,717
15990250,0xAeef2b7D89b609b2890e10413D13177fC9301Ee6,718
15990251,0xAeef2b7D89b609b2890e10413D13177fC9301Ee6,719
15990252,0xAeef2b7D89b609b2890e10413D13177fC9301Ee6,720
15990253,0xAeef2b7D89b609b2890e10413D13177fC9301Ee6,721
15990254,0xAeef2b7D89b609b2890e10413D13177fC9301Ee6,722
15990255,0xAeef2b7D89b609b2890e10413D13177fC9301Ee6,723
15990256,0xAeef2b7D89b609b2890e10413D13177fC9301Ee6,724
15990257,0xAeef2b7D89b609b2890e10413D13177fC9301Ee6,725
15990258,0xAeef2b7D89b609b2890e10413D13177fC9301Ee6,726
15990259,0xAeef2b7D89b609b2890e10413D13177fC9301Ee6,727
15990260,0xAeef2b7D89b609b2890e10413D13177fC9301Ee6,728
15990261,0xAeef2b7D89b609b2890e10413D13177fC9301Ee6,729
15990262,0xAeef2b7D89b609b2890e10413D13177fC9301Ee6,730
15990263,0xAeef2b7D89b609b2890e10413D13177fC9301Ee6,731
15990264,0xAeef2b7D89b609b2890e10413D13177fC9301Ee6,732
15990265,0xAeef2b7D89b609b2890e10413D13177fC9301Ee6,733
15990266,0xAeef2b7D89b609b2890e10413D13177fC9301Ee6,734
15990267,0xAeef2b7D89b609b2890e10413D13177fC9301Ee6,735
15990268,0xAeef2b7D89b609b2890e10413D13177fC9301Ee6,736
15990269,0xAeef2b7D89b609b2890e10413D13177fC9301Ee6,737
15990270,0xAeef2b7D89b609b2890e10413D13177fC9301Ee6,738
15990271,0xAeef2b7D89b609b2890e10413D13177fC9301Ee6,802
15990272,0xAeef2b7D89b609b2890e10413D13177fC9301Ee6,803
15990273,0xAeef2b7D89b609b2890e10413D13177fC9301Ee6,804
15990274,0xAeef2b7D89b609b2890e10413D13177fC9301Ee6,805
15990275,0xAeef2b7D89b609b2890e10413D13177fC9301Ee6,806
15990276,0xAeef2b7D89b609b2890e10413D13177fC9301Ee6,807
15990277,0xAeef2b7D89b609b2890e10413D13177fC9301Ee6,808
15990278,0xAeef2b7D89b609b2890e10413D13177fC9301Ee6,809
15990279,0xAeef2b7D89b609b2890e10413D13177fC9301Ee6,810
15990280,0xAeef2b7D89b609b2890e10413D13177fC9301Ee6,811
15990281,0xAeef2b7D89b609b2890e10413D13177fC9301Ee6,812
15990282,0xAeef2b7D89b609b2890e10413D13177fC9301Ee6,813
15990283,0xAeef2b7D89b609b2890e10413D13177fC9301Ee6,815
15990284,0xAeef2b7D89b609b2890e10413D13177fC9301Ee6,817
15990285,0xAeef2b7D89b609b2890e10413D13177fC9301Ee6,818
15990286,0xAeef2b7D89b609b2890e10413D13177fC9301Ee6,821
15990287,0xAeef2b7D89b609b2890e10413D13177fC9301Ee6,823
15990288,0xAeef2b7D89b609b2890e10413D13177fC9301Ee6,899
15990289,0xAeef2b7D89b609b2890e10413D13177fC9301Ee6,900
15990290,0xAeef2b7D89b609b2890e10413D13177fC9301Ee6,902
15990291,0xAeef2b7D89b609b2890e10413D13177fC9301Ee6,903
15990292,0xAeef2b7D89b609b2890e10413D13177fC9301Ee6,904
15990293,0xAeef2b7D89b609b2890e10413D13177fC9301Ee6,905
15990294,0xAeef2b7D89b609b2890e10413D13177fC9301Ee6,906
15990295,0xAeef2b7D89b609b2890e10413D13177fC9301Ee6,907
15990296,0xAeef2b7D89b609b2890e10413D13177fC9301Ee6,908
15990297,0xAeef2b7D89b609b2890e10413D13177fC9301Ee6,909
15990298,0xAeef2b7D89b609b2890e10413D13177fC9301Ee6,910
15990299,0xAeef2b7D89b609b2890e10413D13177fC9301Ee6,911
15990300,0xAeef2b7D89b609b2890e10413D13177fC9301Ee6,912
15990301,0xAeef2b7D89b609b2890e10413D13177fC9301Ee6,913
15990302,0xAeef2b7D89b609b2890e10413D13177fC9301Ee6,914
15990303,0xAeef2b7D89b609b2890e10413D13177fC9301Ee6,915
15990304,0xAeef2b7D89b609b2890e10413D13177fC9301Ee6,965
15990305,0xAeef2b7D89b609b2890e10413D13177fC9301Ee6,966
15990306,0xAeef2b7D89b609b2890e10413D13177fC9301Ee6,967
15990307,0xAeef2b7D89b609b2890e10413D13177fC9301Ee6,968
15990308,0xAeef2b7D89b609b2890e10413D13177fC9301Ee6,969
15990309,0xAeef2b7D89b609b2890e10413D13177fC9301Ee6,970
15990310,0xAeef2b7D89b609b2890e10413D13177fC9301Ee6,971
15990311,0xAeef2b7D89b609b2890e10413D13177fC9301Ee6,972
15990312,0xAeef2b7D89b609b2890e10413D13177fC9301Ee6,973
15990313,0xAeef2b7D89b609b2890e10413D13177fC9301Ee6,974
15990314,0xAeef2b7D89b609b2890e10413D13177fC9301Ee6,975
15990315,0xAeef2b7D89b609b2890e10413D13177fC9301Ee6,976
15990316,0xAeef2b7D89b609b2890e10413D13177fC9301Ee6,977
15990317,0xAeef2b7D89b609b2890e10413D13177fC9301Ee6,978
15990318,0xAeef2b7D89b609b2890e10413D13177fC9301Ee6,979
15990319,0xAeef2b7D89b609b2890e10413D13177fC9301Ee6,980
15990320,0xAeef2b7D89b609b2890e10413D13177fC9301Ee6,981
15990321,0xAeef2b7D89b609b2890e10413D13177fC9301Ee6,982
15990322,0xAeef2b7D89b609b2890e10413D13177fC9301Ee6,983
15990323,0xAeef2b7D89b609b2890e10413D13177fC9301Ee6,984
15990324,0xAeef2b7D89b609b2890e10413D13177fC9301Ee6,985
15990325,0xAeef2b7D89b609b2890e10413D13177fC9301Ee6,986
15990326,0xAeef2b7D89b609b2890e10413D13177fC9301Ee6,987
15990327,0xAeef2b7D89b609b2890e10413D13177fC9301Ee6,988
15990328,0xAeef2b7D89b609b2890e10413D13177fC9301Ee6,989
15990329,0xAeef2b7D89b609b2890e10413D13177fC9301Ee6,990
15990330,0xAeef2b7D89b609b2890e10413D13177fC9301Ee6,991
15990331,0xAeef2b7D89b609b2890e10413D13177fC9301Ee6,992
15990332,0xAeef2b7D89b609b2890e10413D13177fC9301Ee6,993
15990333,0xAeef2b7D89b609b2890e10413D13177fC9301Ee6,994
15990334,0xAeef2b7D89b609b2890e10413D13177fC9301Ee6,995
15990335,0xAeef2b7D89b609b2890e10413D13177fC9301Ee6,996
15990336,0xAeef2b7D89b609b2890e10413D13177fC9301Ee6,997
15990337,0xAeef2b7D89b609b2890e10413D13177fC9301Ee6,998
15990338,0xAeef2b7D89b609b2890e10413D13177fC9301Ee6,999
15990339,0xAeef2b7D89b609b2890e10413D13177fC9301Ee6,1000
15990340,0xAeef2b7D89b609b2890e10413D13177fC9301Ee6,1001
15990341,0xAeef2b7D89b609b2890e10413D13177fC9301Ee6,1002
15990342,0xAeef2b7D89b609b2890e10413D13177fC9301Ee6,1003
15990343,0xAeef2b7D89b609b2890e10413D13177fC9301Ee6,1004
15990344,0xAeef2b7D89b609b2890e10413D13177fC9301Ee6,1005
15990345,0xAeef2b7D89b609b2890e10413D13177fC9301Ee6,1006
15990346,0xAeef2b7D89b609b2890e10413D13177fC9301Ee6,1007
15990347,0xAeef2b7D89b609b2890e10413D13177fC9301Ee6,1008
15990348,0xAeef2b7D89b609b2890e10413D13177fC9301Ee6,1009
15990543,0xAeef2b7D89b609b2890e10413D13177fC9301Ee6,816
15990544,0xAeef2b7D89b609b2890e10413D13177fC9301Ee6,819
15990545,0xAeef2b7D89b609b2890e10413D13177fC9301Ee6,820
15990546,0xAeef2b7D89b609b2890e10413D13177fC9301Ee6,826
15990547,0xAeef2b7D89b609b2890e10413D13177fC9301Ee6,827
15990548,0xAeef2b7D89b609b2890e10413D13177fC9301Ee6,831
15990550,0xAeef2b7D89b609b2890e10413D13177fC9301Ee6,863
15990552,0xAeef2b7D89b609b2890e10413D13177fC9301Ee6,882
15990557,0xAeef2b7D89b609b2890e10413D13177fC9301Ee6,928
15930347,0xAeef2b7D89b609b2890e10413D13177fC9301Ee6,1031
15930348,0xAeef2b7D89b609b2890e10413D13177fC9301Ee6,1032
15930349,0xAeef2b7D89b609b2890e10413D13177fC9301Ee6,1033
15930350,0xAeef2b7D89b609b2890e10413D13177fC9301Ee6,1034
15930351,0xAeef2b7D89b609b2890e10413D13177fC9301Ee6,1035
15930352,0xAeef2b7D89b609b2890e10413D13177fC9301Ee6,1036
15930353,0xAeef2b7D89b609b2890e10413D13177fC9301Ee6,1037
15930354,0xAeef2b7D89b609b2890e10413D13177fC9301Ee6,1038
15930355,0xAeef2b7D89b609b2890e10413D13177fC9301Ee6,1039
15930356,0xAeef2b7D89b609b2890e10413D13177fC9301Ee6,1040
15930357,0xAeef2b7D89b609b2890e10413D13177fC9301Ee6,1041
15930358,0xAeef2b7D89b609b2890e10413D13177fC9301Ee6,1042
15930359,0xAeef2b7D89b609b2890e10413D13177fC9301Ee6,1043
15930360,0xAeef2b7D89b609b2890e10413D13177fC9301Ee6,1044
15930361,0xAeef2b7D89b609b2890e10413D13177fC9301Ee6,1064
15930362,0xAeef2b7D89b609b2890e10413D13177fC9301Ee6,1065
15930363,0xAeef2b7D89b609b2890e10413D13177fC9301Ee6,1066
15930364,0xAeef2b7D89b609b2890e10413D13177fC9301Ee6,1067
15930365,0xAeef2b7D89b609b2890e10413D13177fC9301Ee6,1068
15930366,0xAeef2b7D89b609b2890e10413D13177fC9301Ee6,1069
15930367,0xAeef2b7D89b609b2890e10413D13177fC9301Ee6,1070
15930368,0xAeef2b7D89b609b2890e10413D13177fC9301Ee6,1071
15930369,0xAeef2b7D89b609b2890e10413D13177fC9301Ee6,1072
15930370,0xAeef2b7D89b609b2890e10413D13177fC9301Ee6,1073
15930371,0xAeef2b7D89b609b2890e10413D13177fC9301Ee6,1074
15930372,0xAeef2b7D89b609b2890e10413D13177fC9301Ee6,1075
15930373,0xAeef2b7D89b609b2890e10413D13177fC9301Ee6,1076
15930374,0xAeef2b7D89b609b2890e10413D13177fC9301Ee6,1077
15930375,0xAeef2b7D89b609b2890e10413D13177fC9301Ee6,1078
15930376,0xAeef2b7D89b609b2890e10413D13177fC9301Ee6,1079
15930377,0xAeef2b7D89b609b2890e10413D13177fC9301Ee6,1164
15930378,0xAeef2b7D89b609b2890e10413D13177fC9301Ee6,1165
15930379,0xAeef2b7D89b609b2890e10413D13177fC9301Ee6,1166
15930380,0xAeef2b7D89b609b2890e10413D13177fC9301Ee6,1167
15930381,0xAeef2b7D89b609b2890e10413D13177fC9301Ee6,1168
15930382,0xAeef2b7D89b609b2890e10413D13177fC9301Ee6,1169
15930383,0xAeef2b7D89b609b2890e10413D13177fC9301Ee6,1170
15930384,0xAeef2b7D89b609b2890e10413D13177fC9301Ee6,1171
15930385,0xAeef2b7D89b609b2890e10413D13177fC9301Ee6,1172
15930386,0xAeef2b7D89b609b2890e10413D13177fC9301Ee6,1173
15930387,0xAeef2b7D89b609b2890e10413D13177fC9301Ee6,1174
15930388,0xAeef2b7D89b609b2890e10413D13177fC9301Ee6,1175
15930389,0xAeef2b7D89b609b2890e10413D13177fC9301Ee6,1176
15930390,0xAeef2b7D89b609b2890e10413D13177fC9301Ee6,1177
15930391,0xAeef2b7D89b609b2890e10413D13177fC9301Ee6,1178
15930392,0xAeef2b7D89b609b2890e10413D13177fC9301Ee6,1179
15930393,0xAeef2b7D89b609b2890e10413D13177fC9301Ee6,1180
15930394,0xAeef2b7D89b609b2890e10413D13177fC9301Ee6,1181
15930395,0xAeef2b7D89b609b2890e10413D13177fC9301Ee6,1182
15930396,0xAeef2b7D89b609b2890e10413D13177fC9301Ee6,1183
15930397,0xAeef2b7D89b609b2890e10413D13177fC9301Ee6,1184
15930398,0xAeef2b7D89b609b2890e10413D13177fC9301Ee6,1185
15930399,0xAeef2b7D89b609b2890e10413D13177fC9301Ee6,1186
15930400,0xAeef2b7D89b609b2890e10413D13177fC9301Ee6,1187
15930401,0xAeef2b7D89b609b2890e10413D13177fC9301Ee6,1188
15930402,0xAeef2b7D89b609b2890e10413D13177fC9301Ee6,1189
15930403,0xAeef2b7D89b609b2890e10413D13177fC9301Ee6,1190
15930404,0xAeef2b7D89b609b2890e10413D13177fC9301Ee6,1191
15930405,0xAeef2b7D89b609b2890e10413D13177fC9301Ee6,1192
15930406,0xAeef2b7D89b609b2890e10413D13177fC9301Ee6,1193
15930407,0xAeef2b7D89b609b2890e10413D13177fC9301Ee6,1194
15930409,0xAeef2b7D89b609b2890e10413D13177fC9301Ee6,1195
15930410,0xAeef2b7D89b609b2890e10413D13177fC9301Ee6,1196
15930411,0xAeef2b7D89b609b2890e10413D13177fC9301Ee6,1197
15930414,0xAeef2b7D89b609b2890e10413D13177fC9301Ee6,1198
15930415,0xAeef2b7D89b609b2890e10413D13177fC9301Ee6,1199
15930422,0xAeef2b7D89b609b2890e10413D13177fC9301Ee6,1200
15930423,0xAeef2b7D89b609b2890e10413D13177fC9301Ee6,1201
15930427,0xAeef2b7D89b609b2890e10413D13177fC9301Ee6,1202
15930444,0xAeef2b7D89b609b2890e10413D13177fC9301Ee6,1203
15930445,0xAeef2b7D89b609b2890e10413D13177fC9301Ee6,1204
15930451,0xAeef2b7D89b609b2890e10413D13177fC9301Ee6,1205
15930452,0xAeef2b7D89b609b2890e10413D13177fC9301Ee6,1206
15930458,0xAeef2b7D89b609b2890e10413D13177fC9301Ee6,1207
15930462,0xAeef2b7D89b609b2890e10413D13177fC9301Ee6,1208
15930466,0xAeef2b7D89b609b2890e10413D13177fC9301Ee6,1209
15930467,0xAeef2b7D89b609b2890e10413D13177fC9301Ee6,1210
15930489,0xAeef2b7D89b609b2890e10413D13177fC9301Ee6,1211
15930490,0xAeef2b7D89b609b2890e10413D13177fC9301Ee6,1212
15930505,0xAeef2b7D89b609b2890e10413D13177fC9301Ee6,1213
15930514,0xAeef2b7D89b609b2890e10413D13177fC9301Ee6,1214
15930519,0xAeef2b7D89b609b2890e10413D13177fC9301Ee6,1215
15930523,0xAeef2b7D89b609b2890e10413D13177fC9301Ee6,1216
15930616,0xAeef2b7D89b609b2890e10413D13177fC9301Ee6,1321
15930617,0xAeef2b7D89b609b2890e10413D13177fC9301Ee6,1322
15930618,0xAeef2b7D89b609b2890e10413D13177fC9301Ee6,1323
15930619,0xAeef2b7D89b609b2890e10413D13177fC9301Ee6,1324
15930620,0xAeef2b7D89b609b2890e10413D13177fC9301Ee6,1325
15930621,0xAeef2b7D89b609b2890e10413D13177fC9301Ee6,1326
15930622,0xAeef2b7D89b609b2890e10413D13177fC9301Ee6,1327
15930623,0xAeef2b7D89b609b2890e10413D13177fC9301Ee6,1328
15930624,0xAeef2b7D89b609b2890e10413D13177fC9301Ee6,1329
15930625,0xAeef2b7D89b609b2890e10413D13177fC9301Ee6,1330
15930626,0xAeef2b7D89b609b2890e10413D13177fC9301Ee6,1331
15930627,0xAeef2b7D89b609b2890e10413D13177fC9301Ee6,1332
15930628,0xAeef2b7D89b609b2890e10413D13177fC9301Ee6,1333
15930629,0xAeef2b7D89b609b2890e10413D13177fC9301Ee6,1334
15930630,0xAeef2b7D89b609b2890e10413D13177fC9301Ee6,1335
15930631,0xAeef2b7D89b609b2890e10413D13177fC9301Ee6,1336
15930632,0xAeef2b7D89b609b2890e10413D13177fC9301Ee6,1337
15930633,0xAeef2b7D89b609b2890e10413D13177fC9301Ee6,1338
15930634,0xAeef2b7D89b609b2890e10413D13177fC9301Ee6,1339
15930635,0xAeef2b7D89b609b2890e10413D13177fC9301Ee6,1340
15930636,0xAeef2b7D89b609b2890e10413D13177fC9301Ee6,1341
15930637,0xAeef2b7D89b609b2890e10413D13177fC9301Ee6,1342
15930638,0xAeef2b7D89b609b2890e10413D13177fC9301Ee6,1362
15930639,0xAeef2b7D89b609b2890e10413D13177fC9301Ee6,1363
15930640,0xAeef2b7D89b609b2890e10413D13177fC9301Ee6,1364
15930641,0xAeef2b7D89b609b2890e10413D13177fC9301Ee6,1365
15930642,0xAeef2b7D89b609b2890e10413D13177fC9301Ee6,1366
15930643,0xAeef2b7D89b609b2890e10413D13177fC9301Ee6,1367
15930644,0xAeef2b7D89b609b2890e10413D13177fC9301Ee6,1368
15930645,0xAeef2b7D89b609b2890e10413D13177fC9301Ee6,1369
15930646,0xAeef2b7D89b609b2890e10413D13177fC9301Ee6,1370
15930647,0xAeef2b7D89b609b2890e10413D13177fC9301Ee6,1371
15930648,0xAeef2b7D89b609b2890e10413D13177fC9301Ee6,1372
15930649,0xAeef2b7D89b609b2890e10413D13177fC9301Ee6,1373
15930650,0xAeef2b7D89b609b2890e10413D13177fC9301Ee6,1374
15930651,0xAeef2b7D89b609b2890e10413D13177fC9301Ee6,1375
15930652,0xAeef2b7D89b609b2890e10413D13177fC9301Ee6,1376
15930653,0xAeef2b7D89b609b2890e10413D13177fC9301Ee6,1377
15930654,0xAeef2b7D89b609b2890e10413D13177fC9301Ee6,1378
15930655,0xAeef2b7D89b609b2890e10413D13177fC9301Ee6,1379
15930656,0xAeef2b7D89b609b2890e10413D13177fC9301Ee6,1380
15930657,0xAeef2b7D89b609b2890e10413D13177fC9301Ee6,1381
15930658,0xAeef2b7D89b609b2890e10413D13177fC9301Ee6,1382
15930659,0xAeef2b7D89b609b2890e10413D13177fC9301Ee6,1383
15930660,0xAeef2b7D89b609b2890e10413D13177fC9301Ee6,1384
15930661,0xAeef2b7D89b609b2890e10413D13177fC9301Ee6,1385
15930662,0xAeef2b7D89b609b2890e10413D13177fC9301Ee6,1386
15930663,0xAeef2b7D89b609b2890e10413D13177fC9301Ee6,1387
15930664,0xAeef2b7D89b609b2890e10413D13177fC9301Ee6,1448
15930665,0xAeef2b7D89b609b2890e10413D13177fC9301Ee6,1449
15930666,0xAeef2b7D89b609b2890e10413D13177fC9301Ee6,1450
15930667,0xAeef2b7D89b609b2890e10413D13177fC9301Ee6,1451
15930668,0xAeef2b7D89b609b2890e10413D13177fC9301Ee6,1452
15930669,0xAeef2b7D89b609b2890e10413D13177fC9301Ee6,1453
15930670,0xAeef2b7D89b609b2890e10413D13177fC9301Ee6,1454
15930671,0xAeef2b7D89b609b2890e10413D13177fC9301Ee6,1455
15930672,0xAeef2b7D89b609b2890e10413D13177fC9301Ee6,1456
15930673,0xAeef2b7D89b609b2890e10413D13177fC9301Ee6,1457
15930674,0xAeef2b7D89b609b2890e10413D13177fC9301Ee6,1458
15930675,0xAeef2b7D89b609b2890e10413D13177fC9301Ee6,1459
15930676,0xAeef2b7D89b609b2890e10413D13177fC9301Ee6,1460
15930677,0xAeef2b7D89b609b2890e10413D13177fC9301Ee6,1461
15930678,0xAeef2b7D89b609b2890e10413D13177fC9301Ee6,1462
15930679,0xAeef2b7D89b609b2890e10413D13177fC9301Ee6,1463
15930680,0xAeef2b7D89b609b2890e10413D13177fC9301Ee6,1464
15930681,0xAeef2b7D89b609b2890e10413D13177fC9301Ee6,1465
15930682,0xAeef2b7D89b609b2890e10413D13177fC9301Ee6,1466
15930683,0xAeef2b7D89b609b2890e10413D13177fC9301Ee6,1467
15930684,0xAeef2b7D89b609b2890e10413D13177fC9301Ee6,1468
15930685,0xAeef2b7D89b609b2890e10413D13177fC9301Ee6,1469
15930686,0xAeef2b7D89b609b2890e10413D13177fC9301Ee6,1470
15930687,0xAeef2b7D89b609b2890e10413D13177fC9301Ee6,1471
15930688,0xAeef2b7D89b609b2890e10413D13177fC9301Ee6,1472
15930689,0xAeef2b7D89b609b2890e10413D13177fC9301Ee6,1473
15930690,0xAeef2b7D89b609b2890e10413D13177fC9301Ee6,1474
15930691,0xAeef2b7D89b609b2890e10413D13177fC9301Ee6,1475
15930692,0xAeef2b7D89b609b2890e10413D13177fC9301Ee6,1476
15930693,0xAeef2b7D89b609b2890e10413D13177fC9301Ee6,1477
15930694,0xAeef2b7D89b609b2890e10413D13177fC9301Ee6,1478
15930695,0xAeef2b7D89b609b2890e10413D13177fC9301Ee6,1479
15930696,0xAeef2b7D89b609b2890e10413D13177fC9301Ee6,1480
15930697,0xAeef2b7D89b609b2890e10413D13177fC9301Ee6,1481
15930698,0xAeef2b7D89b609b2890e10413D13177fC9301Ee6,1482
15930699,0xAeef2b7D89b609b2890e10413D13177fC9301Ee6,1483
15930700,0xAeef2b7D89b609b2890e10413D13177fC9301Ee6,1484
15930701,0xAeef2b7D89b609b2890e10413D13177fC9301Ee6,1485
15930702,0xAeef2b7D89b609b2890e10413D13177fC9301Ee6,1486
15930703,0xAeef2b7D89b609b2890e10413D13177fC9301Ee6,1487
15930704,0xAeef2b7D89b609b2890e10413D13177fC9301Ee6,1488
15930705,0xAeef2b7D89b609b2890e10413D13177fC9301Ee6,1489
15930706,0xAeef2b7D89b609b2890e10413D13177fC9301Ee6,1530
15930707,0xAeef2b7D89b609b2890e10413D13177fC9301Ee6,1531
15930708,0xAeef2b7D89b609b2890e10413D13177fC9301Ee6,1532
15930709,0xAeef2b7D89b609b2890e10413D13177fC9301Ee6,1533
15930710,0xAeef2b7D89b609b2890e10413D13177fC9301Ee6,1534
15930711,0xAeef2b7D89b609b2890e10413D13177fC9301Ee6,1535
15930712,0xAeef2b7D89b609b2890e10413D13177fC9301Ee6,1536
15930713,0xAeef2b7D89b609b2890e10413D13177fC9301Ee6,1537
15930714,0xAeef2b7D89b609b2890e10413D13177fC9301Ee6,1538
15930715,0xAeef2b7D89b609b2890e10413D13177fC9301Ee6,1539
15930716,0xAeef2b7D89b609b2890e10413D13177fC9301Ee6,1540
15930717,0xAeef2b7D89b609b2890e10413D13177fC9301Ee6,1541
15930718,0xAeef2b7D89b609b2890e10413D13177fC9301Ee6,1542
15930719,0xAeef2b7D89b609b2890e10413D13177fC9301Ee6,1543
15930720,0xAeef2b7D89b609b2890e10413D13177fC9301Ee6,1544
15930721,0xAeef2b7D89b609b2890e10413D13177fC9301Ee6,1545
15930722,0xAeef2b7D89b609b2890e10413D13177fC9301Ee6,1546
15930723,0xAeef2b7D89b609b2890e10413D13177fC9301Ee6,1547
15930724,0xAeef2b7D89b609b2890e10413D13177fC9301Ee6,1548
15930725,0xAeef2b7D89b609b2890e10413D13177fC9301Ee6,1549
15930726,0xAeef2b7D89b609b2890e10413D13177fC9301Ee6,1630
15930727,0xAeef2b7D89b609b2890e10413D13177fC9301Ee6,1631
15930728,0xAeef2b7D89b609b2890e10413D13177fC9301Ee6,1632
15930729,0xAeef2b7D89b609b2890e10413D13177fC9301Ee6,1633
15930730,0xAeef2b7D89b609b2890e10413D13177fC9301Ee6,1634
15930731,0xAeef2b7D89b609b2890e10413D13177fC9301Ee6,1635
15930732,0xAeef2b7D89b609b2890e10413D13177fC9301Ee6,1636
15930733,0xAeef2b7D89b609b2890e10413D13177fC9301Ee6,1637
15930734,0xAeef2b7D89b609b2890e10413D13177fC9301Ee6,1638
15930735,0xAeef2b7D89b609b2890e10413D13177fC9301Ee6,1639
15930736,0xAeef2b7D89b609b2890e10413D13177fC9301Ee6,1640
15930737,0xAeef2b7D89b609b2890e10413D13177fC9301Ee6,1641
15930738,0xAeef2b7D89b609b2890e10413D13177fC9301Ee6,1642
15930739,0xAeef2b7D89b609b2890e10413D13177fC9301Ee6,1643
15930740,0xAeef2b7D89b609b2890e10413D13177fC9301Ee6,1644
15930741,0xAeef2b7D89b609b2890e10413D13177fC9301Ee6,1645
15930742,0xAeef2b7D89b609b2890e10413D13177fC9301Ee6,1646
15930743,0xAeef2b7D89b609b2890e10413D13177fC9301Ee6,1647
15930744,0xAeef2b7D89b609b2890e10413D13177fC9301Ee6,1648
15930745,0xAeef2b7D89b609b2890e10413D13177fC9301Ee6,1649
15930746,0xAeef2b7D89b609b2890e10413D13177fC9301Ee6,1650
15930747,0xAeef2b7D89b609b2890e10413D13177fC9301Ee6,1651
15930748,0xAeef2b7D89b609b2890e10413D13177fC9301Ee6,1652
15930749,0xAeef2b7D89b609b2890e10413D13177fC9301Ee6,1653
15930750,0xAeef2b7D89b609b2890e10413D13177fC9301Ee6,1654
15930751,0xAeef2b7D89b609b2890e10413D13177fC9301Ee6,1655
15930752,0xAeef2b7D89b609b2890e10413D13177fC9301Ee6,1656
15930753,0xAeef2b7D89b609b2890e10413D13177fC9301Ee6,1657
15930754,0xAeef2b7D89b609b2890e10413D13177fC9301Ee6,1658
15930755,0xAeef2b7D89b609b2890e10413D13177fC9301Ee6,1659
15930756,0xAeef2b7D89b609b2890e10413D13177fC9301Ee6,1660
15930757,0xAeef2b7D89b609b2890e10413D13177fC9301Ee6,1661
15930758,0xAeef2b7D89b609b2890e10413D13177fC9301Ee6,1662
15930759,0xAeef2b7D89b609b2890e10413D13177fC9301Ee6,1663
15930760,0xAeef2b7D89b609b2890e10413D13177fC9301Ee6,1664
15930761,0xAeef2b7D89b609b2890e10413D13177fC9301Ee6,1665
15930762,0xAeef2b7D89b609b2890e10413D13177fC9301Ee6,1731
15930763,0xAeef2b7D89b609b2890e10413D13177fC9301Ee6,1732
15930764,0xAeef2b7D89b609b2890e10413D13177fC9301Ee6,1733
15930765,0xAeef2b7D89b609b2890e10413D13177fC9301Ee6,1734
15930766,0xAeef2b7D89b609b2890e10413D13177fC9301Ee6,1735
15930767,0xAeef2b7D89b609b2890e10413D13177fC9301Ee6,1736
15930768,0xAeef2b7D89b609b2890e10413D13177fC9301Ee6,1737
15930769,0xAeef2b7D89b609b2890e10413D13177fC9301Ee6,1738
15930770,0xAeef2b7D89b609b2890e10413D13177fC9301Ee6,1739
15930771,0xAeef2b7D89b609b2890e10413D13177fC9301Ee6,1740
15930772,0xAeef2b7D89b609b2890e10413D13177fC9301Ee6,1741
15930773,0xAeef2b7D89b609b2890e10413D13177fC9301Ee6,1742
15930774,0xAeef2b7D89b609b2890e10413D13177fC9301Ee6,1743
15930775,0xAeef2b7D89b609b2890e10413D13177fC9301Ee6,1744
15930776,0xAeef2b7D89b609b2890e10413D13177fC9301Ee6,1745
15930777,0xAeef2b7D89b609b2890e10413D13177fC9301Ee6,1746
15960338,0xAeef2b7D89b609b2890e10413D13177fC9301Ee6,1045
15960339,0xAeef2b7D89b609b2890e10413D13177fC9301Ee6,1046
15960340,0xAeef2b7D89b609b2890e10413D13177fC9301Ee6,1047
15960341,0xAeef2b7D89b609b2890e10413D13177fC9301Ee6,1048
15960342,0xAeef2b7D89b609b2890e10413D13177fC9301Ee6,1049
15960343,0xAeef2b7D89b609b2890e10413D13177fC9301Ee6,1050
15960344,0xAeef2b7D89b609b2890e10413D13177fC9301Ee6,1051
15960345,0xAeef2b7D89b609b2890e10413D13177fC9301Ee6,1052
15960346,0xAeef2b7D89b609b2890e10413D13177fC9301Ee6,1053
15960347,0xAeef2b7D89b609b2890e10413D13177fC9301Ee6,1080
15960348,0xAeef2b7D89b609b2890e10413D13177fC9301Ee6,1081
15960349,0xAeef2b7D89b609b2890e10413D13177fC9301Ee6,1082
15960350,0xAeef2b7D89b609b2890e10413D13177fC9301Ee6,1083
15960351,0xAeef2b7D89b609b2890e10413D13177fC9301Ee6,1084
15960352,0xAeef2b7D89b609b2890e10413D13177fC9301Ee6,1085
15960353,0xAeef2b7D89b609b2890e10413D13177fC9301Ee6,1086
15960354,0xAeef2b7D89b609b2890e10413D13177fC9301Ee6,1087
15960355,0xAeef2b7D89b609b2890e10413D13177fC9301Ee6,1088
15960356,0xAeef2b7D89b609b2890e10413D13177fC9301Ee6,1089
15960357,0xAeef2b7D89b609b2890e10413D13177fC9301Ee6,1090
15960358,0xAeef2b7D89b609b2890e10413D13177fC9301Ee6,1091
15960359,0xAeef2b7D89b609b2890e10413D13177fC9301Ee6,1092
15960360,0xAeef2b7D89b609b2890e10413D13177fC9301Ee6,1093
15960361,0xAeef2b7D89b609b2890e10413D13177fC9301Ee6,1094
15960362,0xAeef2b7D89b609b2890e10413D13177fC9301Ee6,1095
15960363,0xAeef2b7D89b609b2890e10413D13177fC9301Ee6,1096
15960364,0xAeef2b7D89b609b2890e10413D13177fC9301Ee6,1097
15960365,0xAeef2b7D89b609b2890e10413D13177fC9301Ee6,1098
15960366,0xAeef2b7D89b609b2890e10413D13177fC9301Ee6,1099
15960367,0xAeef2b7D89b609b2890e10413D13177fC9301Ee6,1100
15960368,0xAeef2b7D89b609b2890e10413D13177fC9301Ee6,1101
15960369,0xAeef2b7D89b609b2890e10413D13177fC9301Ee6,1102
15960370,0xAeef2b7D89b609b2890e10413D13177fC9301Ee6,1103
15960371,0xAeef2b7D89b609b2890e10413D13177fC9301Ee6,1104
15960372,0xAeef2b7D89b609b2890e10413D13177fC9301Ee6,1105
15960373,0xAeef2b7D89b609b2890e10413D13177fC9301Ee6,1106
15960374,0xAeef2b7D89b609b2890e10413D13177fC9301Ee6,1107
15960375,0xAeef2b7D89b609b2890e10413D13177fC9301Ee6,1108
15960453,0xAeef2b7D89b609b2890e10413D13177fC9301Ee6,1217
15960454,0xAeef2b7D89b609b2890e10413D13177fC9301Ee6,1218
15960457,0xAeef2b7D89b609b2890e10413D13177fC9301Ee6,1219
15960470,0xAeef2b7D89b609b2890e10413D13177fC9301Ee6,1220
15960472,0xAeef2b7D89b609b2890e10413D13177fC9301Ee6,1221
15960473,0xAeef2b7D89b609b2890e10413D13177fC9301Ee6,1222
15960474,0xAeef2b7D89b609b2890e10413D13177fC9301Ee6,1223
15960475,0xAeef2b7D89b609b2890e10413D13177fC9301Ee6,1224
15960476,0xAeef2b7D89b609b2890e10413D13177fC9301Ee6,1225
15960477,0xAeef2b7D89b609b2890e10413D13177fC9301Ee6,1226
15960478,0xAeef2b7D89b609b2890e10413D13177fC9301Ee6,1227
15960479,0xAeef2b7D89b609b2890e10413D13177fC9301Ee6,1228
15960480,0xAeef2b7D89b609b2890e10413D13177fC9301Ee6,1229
15960481,0xAeef2b7D89b609b2890e10413D13177fC9301Ee6,1230
15960482,0xAeef2b7D89b609b2890e10413D13177fC9301Ee6,1231
15960483,0xAeef2b7D89b609b2890e10413D13177fC9301Ee6,1232
15960484,0xAeef2b7D89b609b2890e10413D13177fC9301Ee6,1233
15960485,0xAeef2b7D89b609b2890e10413D13177fC9301Ee6,1234
15960486,0xAeef2b7D89b609b2890e10413D13177fC9301Ee6,1235
15960487,0xAeef2b7D89b609b2890e10413D13177fC9301Ee6,1236
15960488,0xAeef2b7D89b609b2890e10413D13177fC9301Ee6,1237
15960489,0xAeef2b7D89b609b2890e10413D13177fC9301Ee6,1238
15960490,0xAeef2b7D89b609b2890e10413D13177fC9301Ee6,1239
15960491,0xAeef2b7D89b609b2890e10413D13177fC9301Ee6,1240
15960492,0xAeef2b7D89b609b2890e10413D13177fC9301Ee6,1241
15960493,0xAeef2b7D89b609b2890e10413D13177fC9301Ee6,1242
15960494,0xAeef2b7D89b609b2890e10413D13177fC9301Ee6,1243
15960495,0xAeef2b7D89b609b2890e10413D13177fC9301Ee6,1244
15960496,0xAeef2b7D89b609b2890e10413D13177fC9301Ee6,1245
15960497,0xAeef2b7D89b609b2890e10413D13177fC9301Ee6,1246
15960498,0xAeef2b7D89b609b2890e10413D13177fC9301Ee6,1247
15960499,0xAeef2b7D89b609b2890e10413D13177fC9301Ee6,1248
15960500,0xAeef2b7D89b609b2890e10413D13177fC9301Ee6,1249
15960501,0xAeef2b7D89b609b2890e10413D13177fC9301Ee6,1250
15960502,0xAeef2b7D89b609b2890e10413D13177fC9301Ee6,1251
15960503,0xAeef2b7D89b609b2890e10413D13177fC9301Ee6,1252
15960504,0xAeef2b7D89b609b2890e10413D13177fC9301Ee6,1253
15960505,0xAeef2b7D89b609b2890e10413D13177fC9301Ee6,1254
15960506,0xAeef2b7D89b609b2890e10413D13177fC9301Ee6,1255
15960507,0xAeef2b7D89b609b2890e10413D13177fC9301Ee6,1256
15960508,0xAeef2b7D89b609b2890e10413D13177fC9301Ee6,1257
15960512,0xAeef2b7D89b609b2890e10413D13177fC9301Ee6,1258
15960515,0xAeef2b7D89b609b2890e10413D13177fC9301Ee6,1259
15960516,0xAeef2b7D89b609b2890e10413D13177fC9301Ee6,1260
15960517,0xAeef2b7D89b609b2890e10413D13177fC9301Ee6,1261
15960518,0xAeef2b7D89b609b2890e10413D13177fC9301Ee6,1262
15960519,0xAeef2b7D89b609b2890e10413D13177fC9301Ee6,1263
15960520,0xAeef2b7D89b609b2890e10413D13177fC9301Ee6,1264
15960521,0xAeef2b7D89b609b2890e10413D13177fC9301Ee6,1265
15960522,0xAeef2b7D89b609b2890e10413D13177fC9301Ee6,1266
15960523,0xAeef2b7D89b609b2890e10413D13177fC9301Ee6,1267
15960524,0xAeef2b7D89b609b2890e10413D13177fC9301Ee6,1268
15960525,0xAeef2b7D89b609b2890e10413D13177fC9301Ee6,1269
15960526,0xAeef2b7D89b609b2890e10413D13177fC9301Ee6,1270
15960527,0xAeef2b7D89b609b2890e10413D13177fC9301Ee6,1271
15960528,0xAeef2b7D89b609b2890e10413D13177fC9301Ee6,1272
15960529,0xAeef2b7D89b609b2890e10413D13177fC9301Ee6,1343
15960530,0xAeef2b7D89b609b2890e10413D13177fC9301Ee6,1344
15960531,0xAeef2b7D89b609b2890e10413D13177fC9301Ee6,1345
15960532,0xAeef2b7D89b609b2890e10413D13177fC9301Ee6,1346
15960533,0xAeef2b7D89b609b2890e10413D13177fC9301Ee6,1347
15960534,0xAeef2b7D89b609b2890e10413D13177fC9301Ee6,1348
15960535,0xAeef2b7D89b609b2890e10413D13177fC9301Ee6,1349
15960536,0xAeef2b7D89b609b2890e10413D13177fC9301Ee6,1350
15960537,0xAeef2b7D89b609b2890e10413D13177fC9301Ee6,1351
15960538,0xAeef2b7D89b609b2890e10413D13177fC9301Ee6,1352
15960539,0xAeef2b7D89b609b2890e10413D13177fC9301Ee6,1353
15960540,0xAeef2b7D89b609b2890e10413D13177fC9301Ee6,1354
15960541,0xAeef2b7D89b609b2890e10413D13177fC9301Ee6,1355
15960542,0xAeef2b7D89b609b2890e10413D13177fC9301Ee6,1356
15960543,0xAeef2b7D89b609b2890e10413D13177fC9301Ee6,1357
15960544,0xAeef2b7D89b609b2890e10413D13177fC9301Ee6,1358
15960545,0xAeef2b7D89b609b2890e10413D13177fC9301Ee6,1359
15960546,0xAeef2b7D89b609b2890e10413D13177fC9301Ee6,1360
15960547,0xAeef2b7D89b609b2890e10413D13177fC9301Ee6,1361
15960548,0xAeef2b7D89b609b2890e10413D13177fC9301Ee6,1388
15960549,0xAeef2b7D89b609b2890e10413D13177fC9301Ee6,1389
15960550,0xAeef2b7D89b609b2890e10413D13177fC9301Ee6,1390
15960551,0xAeef2b7D89b609b2890e10413D13177fC9301Ee6,1391
15960552,0xAeef2b7D89b609b2890e10413D13177fC9301Ee6,1392
15960553,0xAeef2b7D89b609b2890e10413D13177fC9301Ee6,1393
15960554,0xAeef2b7D89b609b2890e10413D13177fC9301Ee6,1394
15960555,0xAeef2b7D89b609b2890e10413D13177fC9301Ee6,1395
15960556,0xAeef2b7D89b609b2890e10413D13177fC9301Ee6,1396
15960557,0xAeef2b7D89b609b2890e10413D13177fC9301Ee6,1397
15960558,0xAeef2b7D89b609b2890e10413D13177fC9301Ee6,1398
15960559,0xAeef2b7D89b609b2890e10413D13177fC9301Ee6,1399
15960560,0xAeef2b7D89b609b2890e10413D13177fC9301Ee6,1400
15960561,0xAeef2b7D89b609b2890e10413D13177fC9301Ee6,1401
15960562,0xAeef2b7D89b609b2890e10413D13177fC9301Ee6,1402
15960563,0xAeef2b7D89b609b2890e10413D13177fC9301Ee6,1403
15960564,0xAeef2b7D89b609b2890e10413D13177fC9301Ee6,1404
15960565,0xAeef2b7D89b609b2890e10413D13177fC9301Ee6,1405
15960566,0xAeef2b7D89b609b2890e10413D13177fC9301Ee6,1406
15960567,0xAeef2b7D89b609b2890e10413D13177fC9301Ee6,1407
15960568,0xAeef2b7D89b609b2890e10413D13177fC9301Ee6,1408
15960569,0xAeef2b7D89b609b2890e10413D13177fC9301Ee6,1490
15960570,0xAeef2b7D89b609b2890e10413D13177fC9301Ee6,1491
15960571,0xAeef2b7D89b609b2890e10413D13177fC9301Ee6,1492
15960572,0xAeef2b7D89b609b2890e10413D13177fC9301Ee6,1493
15960573,0xAeef2b7D89b609b2890e10413D13177fC9301Ee6,1494
15960574,0xAeef2b7D89b609b2890e10413D13177fC9301Ee6,1495
15960575,0xAeef2b7D89b609b2890e10413D13177fC9301Ee6,1496
15960576,0xAeef2b7D89b609b2890e10413D13177fC9301Ee6,1497
15960577,0xAeef2b7D89b609b2890e10413D13177fC9301Ee6,1498
15960578,0xAeef2b7D89b609b2890e10413D13177fC9301Ee6,1499
15960579,0xAeef2b7D89b609b2890e10413D13177fC9301Ee6,1500
15960580,0xAeef2b7D89b609b2890e10413D13177fC9301Ee6,1501
15960581,0xAeef2b7D89b609b2890e10413D13177fC9301Ee6,1502
15960582,0xAeef2b7D89b609b2890e10413D13177fC9301Ee6,1503
15960583,0xAeef2b7D89b609b2890e10413D13177fC9301Ee6,1504
15960584,0xAeef2b7D89b609b2890e10413D13177fC9301Ee6,1505
15960585,0xAeef2b7D89b609b2890e10413D13177fC9301Ee6,1506
15960586,0xAeef2b7D89b609b2890e10413D13177fC9301Ee6,1507
15960587,0xAeef2b7D89b609b2890e10413D13177fC9301Ee6,1508
15960588,0xAeef2b7D89b609b2890e10413D13177fC9301Ee6,1509
15960589,0xAeef2b7D89b609b2890e10413D13177fC9301Ee6,1510
15960590,0xAeef2b7D89b609b2890e10413D13177fC9301Ee6,1550
15960591,0xAeef2b7D89b609b2890e10413D13177fC9301Ee6,1551
15960592,0xAeef2b7D89b609b2890e10413D13177fC9301Ee6,1552
15960593,0xAeef2b7D89b609b2890e10413D13177fC9301Ee6,1553
15960594,0xAeef2b7D89b609b2890e10413D13177fC9301Ee6,1554
15960595,0xAeef2b7D89b609b2890e10413D13177fC9301Ee6,1555
15960596,0xAeef2b7D89b609b2890e10413D13177fC9301Ee6,1556
15960597,0xAeef2b7D89b609b2890e10413D13177fC9301Ee6,1557
15960598,0xAeef2b7D89b609b2890e10413D13177fC9301Ee6,1558
15960599,0xAeef2b7D89b609b2890e10413D13177fC9301Ee6,1559
15960600,0xAeef2b7D89b609b2890e10413D13177fC9301Ee6,1560
15960601,0xAeef2b7D89b609b2890e10413D13177fC9301Ee6,1561
15960602,0xAeef2b7D89b609b2890e10413D13177fC9301Ee6,1562
15960603,0xAeef2b7D89b609b2890e10413D13177fC9301Ee6,1563
15960604,0xAeef2b7D89b609b2890e10413D13177fC9301Ee6,1564
15960605,0xAeef2b7D89b609b2890e10413D13177fC9301Ee6,1565
15960606,0xAeef2b7D89b609b2890e10413D13177fC9301Ee6,1566
15960607,0xAeef2b7D89b609b2890e10413D13177fC9301Ee6,1567
15960608,0xAeef2b7D89b609b2890e10413D13177fC9301Ee6,1587
15960609,0xAeef2b7D89b609b2890e10413D13177fC9301Ee6,1588
15960610,0xAeef2b7D89b609b2890e10413D13177fC9301Ee6,1589
15960611,0xAeef2b7D89b609b2890e10413D13177fC9301Ee6,1590
15960612,0xAeef2b7D89b609b2890e10413D13177fC9301Ee6,1591
15960613,0xAeef2b7D89b609b2890e10413D13177fC9301Ee6,1592
15960614,0xAeef2b7D89b609b2890e10413D13177fC9301Ee6,1593
15960615,0xAeef2b7D89b609b2890e10413D13177fC9301Ee6,1594
15960616,0xAeef2b7D89b609b2890e10413D13177fC9301Ee6,1595
15960617,0xAeef2b7D89b609b2890e10413D13177fC9301Ee6,1596
15960618,0xAeef2b7D89b609b2890e10413D13177fC9301Ee6,1597
15960619,0xAeef2b7D89b609b2890e10413D13177fC9301Ee6,1598
15960620,0xAeef2b7D89b609b2890e10413D13177fC9301Ee6,1599
15960621,0xAeef2b7D89b609b2890e10413D13177fC9301Ee6,1600
15960622,0xAeef2b7D89b609b2890e10413D13177fC9301Ee6,1601
15960623,0xAeef2b7D89b609b2890e10413D13177fC9301Ee6,1602
15960624,0xAeef2b7D89b609b2890e10413D13177fC9301Ee6,1603
15960625,0xAeef2b7D89b609b2890e10413D13177fC9301Ee6,1604
15960626,0xAeef2b7D89b609b2890e10413D13177fC9301Ee6,1605
15960627,0xAeef2b7D89b609b2890e10413D13177fC9301Ee6,1606
15960628,0xAeef2b7D89b609b2890e10413D13177fC9301Ee6,1607
15960629,0xAeef2b7D89b609b2890e10413D13177fC9301Ee6,1608
15960630,0xAeef2b7D89b609b2890e10413D13177fC9301Ee6,1609
15960631,0xAeef2b7D89b609b2890e10413D13177fC9301Ee6,1610
15960632,0xAeef2b7D89b609b2890e10413D13177fC9301Ee6,1666
15960633,0xAeef2b7D89b609b2890e10413D13177fC9301Ee6,1667
15960634,0xAeef2b7D89b609b2890e10413D13177fC9301Ee6,1668
15960635,0xAeef2b7D89b609b2890e10413D13177fC9301Ee6,1669
15960636,0xAeef2b7D89b609b2890e10413D13177fC9301Ee6,1670
15960637,0xAeef2b7D89b609b2890e10413D13177fC9301Ee6,1671
15960638,0xAeef2b7D89b609b2890e10413D13177fC9301Ee6,1672
15960639,0xAeef2b7D89b609b2890e10413D13177fC9301Ee6,1673
15960640,0xAeef2b7D89b609b2890e10413D13177fC9301Ee6,1674
15960641,0xAeef2b7D89b609b2890e10413D13177fC9301Ee6,1675
15960642,0xAeef2b7D89b609b2890e10413D13177fC9301Ee6,1676
15960643,0xAeef2b7D89b609b2890e10413D13177fC9301Ee6,1677
15960644,0xAeef2b7D89b609b2890e10413D13177fC9301Ee6,1678
15960645,0xAeef2b7D89b609b2890e10413D13177fC9301Ee6,1679
15960646,0xAeef2b7D89b609b2890e10413D13177fC9301Ee6,1680
15960647,0xAeef2b7D89b609b2890e10413D13177fC9301Ee6,1681
15960648,0xAeef2b7D89b609b2890e10413D13177fC9301Ee6,1682
15960649,0xAeef2b7D89b609b2890e10413D13177fC9301Ee6,1683
15960650,0xAeef2b7D89b609b2890e10413D13177fC9301Ee6,1684
15960651,0xAeef2b7D89b609b2890e10413D13177fC9301Ee6,1685
15960652,0xAeef2b7D89b609b2890e10413D13177fC9301Ee6,1686
15960653,0xAeef2b7D89b609b2890e10413D13177fC9301Ee6,1687
15960654,0xAeef2b7D89b609b2890e10413D13177fC9301Ee6,1688
15960655,0xAeef2b7D89b609b2890e10413D13177fC9301Ee6,1689
15960656,0xAeef2b7D89b609b2890e10413D13177fC9301Ee6,1690
15960657,0xAeef2b7D89b609b2890e10413D13177fC9301Ee6,1691
15960658,0xAeef2b7D89b609b2890e10413D13177fC9301Ee6,1692
15960659,0xAeef2b7D89b609b2890e10413D13177fC9301Ee6,1693
15960660,0xAeef2b7D89b609b2890e10413D13177fC9301Ee6,1694
15960661,0xAeef2b7D89b609b2890e10413D13177fC9301Ee6,1747
15960662,0xAeef2b7D89b609b2890e10413D13177fC9301Ee6,1748
15960663,0xAeef2b7D89b609b2890e10413D13177fC9301Ee6,1749
15960664,0xAeef2b7D89b609b2890e10413D13177fC9301Ee6,1750
15960665,0xAeef2b7D89b609b2890e10413D13177fC9301Ee6,1751
15960666,0xAeef2b7D89b609b2890e10413D13177fC9301Ee6,1752
15960667,0xAeef2b7D89b609b2890e10413D13177fC9301Ee6,1753
15960668,0xAeef2b7D89b609b2890e10413D13177fC9301Ee6,1754
15960669,0xAeef2b7D89b609b2890e10413D13177fC9301Ee6,1755
15990349,0xAeef2b7D89b609b2890e10413D13177fC9301Ee6,1054
15990350,0xAeef2b7D89b609b2890e10413D13177fC9301Ee6,1055
15990351,0xAeef2b7D89b609b2890e10413D13177fC9301Ee6,1056
15990352,0xAeef2b7D89b609b2890e10413D13177fC9301Ee6,1057
15990353,0xAeef2b7D89b609b2890e10413D13177fC9301Ee6,1058
15990354,0xAeef2b7D89b609b2890e10413D13177fC9301Ee6,1059
15990355,0xAeef2b7D89b609b2890e10413D13177fC9301Ee6,1060
15990356,0xAeef2b7D89b609b2890e10413D13177fC9301Ee6,1061
15990357,0xAeef2b7D89b609b2890e10413D13177fC9301Ee6,1062
15990358,0xAeef2b7D89b609b2890e10413D13177fC9301Ee6,1063
15990359,0xAeef2b7D89b609b2890e10413D13177fC9301Ee6,1109
15990360,0xAeef2b7D89b609b2890e10413D13177fC9301Ee6,1110
15990361,0xAeef2b7D89b609b2890e10413D13177fC9301Ee6,1111
15990362,0xAeef2b7D89b609b2890e10413D13177fC9301Ee6,1112
15990363,0xAeef2b7D89b609b2890e10413D13177fC9301Ee6,1113
15990364,0xAeef2b7D89b609b2890e10413D13177fC9301Ee6,1114
15990365,0xAeef2b7D89b609b2890e10413D13177fC9301Ee6,1115
15990366,0xAeef2b7D89b609b2890e10413D13177fC9301Ee6,1116
15990367,0xAeef2b7D89b609b2890e10413D13177fC9301Ee6,1117
15990368,0xAeef2b7D89b609b2890e10413D13177fC9301Ee6,1118
15990369,0xAeef2b7D89b609b2890e10413D13177fC9301Ee6,1119
15990370,0xAeef2b7D89b609b2890e10413D13177fC9301Ee6,1120
15990371,0xAeef2b7D89b609b2890e10413D13177fC9301Ee6,1121
15990372,0xAeef2b7D89b609b2890e10413D13177fC9301Ee6,1122
15990373,0xAeef2b7D89b609b2890e10413D13177fC9301Ee6,1123
15990374,0xAeef2b7D89b609b2890e10413D13177fC9301Ee6,1124
15990375,0xAeef2b7D89b609b2890e10413D13177fC9301Ee6,1125
15990376,0xAeef2b7D89b609b2890e10413D13177fC9301Ee6,1126
15990377,0xAeef2b7D89b609b2890e10413D13177fC9301Ee6,1127
15990378,0xAeef2b7D89b609b2890e10413D13177fC9301Ee6,1128
15990379,0xAeef2b7D89b609b2890e10413D13177fC9301Ee6,1129
15990380,0xAeef2b7D89b609b2890e10413D13177fC9301Ee6,1130
15990381,0xAeef2b7D89b609b2890e10413D13177fC9301Ee6,1131
15990382,0xAeef2b7D89b609b2890e10413D13177fC9301Ee6,1132
15990383,0xAeef2b7D89b609b2890e10413D13177fC9301Ee6,1133
15990384,0xAeef2b7D89b609b2890e10413D13177fC9301Ee6,1134
15990385,0xAeef2b7D89b609b2890e10413D13177fC9301Ee6,1135
15990386,0xAeef2b7D89b609b2890e10413D13177fC9301Ee6,1136
15990387,0xAeef2b7D89b609b2890e10413D13177fC9301Ee6,1137
15990388,0xAeef2b7D89b609b2890e10413D13177fC9301Ee6,1138
15990389,0xAeef2b7D89b609b2890e10413D13177fC9301Ee6,1139
15990390,0xAeef2b7D89b609b2890e10413D13177fC9301Ee6,1140
15990391,0xAeef2b7D89b609b2890e10413D13177fC9301Ee6,1141
15990392,0xAeef2b7D89b609b2890e10413D13177fC9301Ee6,1142
15990393,0xAeef2b7D89b609b2890e10413D13177fC9301Ee6,1143
15990394,0xAeef2b7D89b609b2890e10413D13177fC9301Ee6,1144
15990395,0xAeef2b7D89b609b2890e10413D13177fC9301Ee6,1145
15990396,0xAeef2b7D89b609b2890e10413D13177fC9301Ee6,1146
15990397,0xAeef2b7D89b609b2890e10413D13177fC9301Ee6,1147
15990398,0xAeef2b7D89b609b2890e10413D13177fC9301Ee6,1148
15990399,0xAeef2b7D89b609b2890e10413D13177fC9301Ee6,1149
15990400,0xAeef2b7D89b609b2890e10413D13177fC9301Ee6,1150
15990401,0xAeef2b7D89b609b2890e10413D13177fC9301Ee6,1151
15990402,0xAeef2b7D89b609b2890e10413D13177fC9301Ee6,1152
15990403,0xAeef2b7D89b609b2890e10413D13177fC9301Ee6,1153
15990404,0xAeef2b7D89b609b2890e10413D13177fC9301Ee6,1154
15990405,0xAeef2b7D89b609b2890e10413D13177fC9301Ee6,1155
15990406,0xAeef2b7D89b609b2890e10413D13177fC9301Ee6,1156
15990407,0xAeef2b7D89b609b2890e10413D13177fC9301Ee6,1157
15990408,0xAeef2b7D89b609b2890e10413D13177fC9301Ee6,1158
15990409,0xAeef2b7D89b609b2890e10413D13177fC9301Ee6,1159
15990410,0xAeef2b7D89b609b2890e10413D13177fC9301Ee6,1160
15990411,0xAeef2b7D89b609b2890e10413D13177fC9301Ee6,1161
15990412,0xAeef2b7D89b609b2890e10413D13177fC9301Ee6,1162
15990413,0xAeef2b7D89b609b2890e10413D13177fC9301Ee6,1163
15990586,0xAeef2b7D89b609b2890e10413D13177fC9301Ee6,1273
15990587,0xAeef2b7D89b609b2890e10413D13177fC9301Ee6,1274
15990588,0xAeef2b7D89b609b2890e10413D13177fC9301Ee6,1275
15990589,0xAeef2b7D89b609b2890e10413D13177fC9301Ee6,1276
15990590,0xAeef2b7D89b609b2890e10413D13177fC9301Ee6,1277
15990591,0xAeef2b7D89b609b2890e10413D13177fC9301Ee6,1278
15990592,0xAeef2b7D89b609b2890e10413D13177fC9301Ee6,1279
15990593,0xAeef2b7D89b609b2890e10413D13177fC9301Ee6,1280
15990594,0xAeef2b7D89b609b2890e10413D13177fC9301Ee6,1281
15990595,0xAeef2b7D89b609b2890e10413D13177fC9301Ee6,1282
15990596,0xAeef2b7D89b609b2890e10413D13177fC9301Ee6,1283
15990597,0xAeef2b7D89b609b2890e10413D13177fC9301Ee6,1284
15990598,0xAeef2b7D89b609b2890e10413D13177fC9301Ee6,1285
15990599,0xAeef2b7D89b609b2890e10413D13177fC9301Ee6,1286
15990600,0xAeef2b7D89b609b2890e10413D13177fC9301Ee6,1287
15990601,0xAeef2b7D89b609b2890e10413D13177fC9301Ee6,1288
15990602,0xAeef2b7D89b609b2890e10413D13177fC9301Ee6,1289
15990603,0xAeef2b7D89b609b2890e10413D13177fC9301Ee6,1290
15990604,0xAeef2b7D89b609b2890e10413D13177fC9301Ee6,1291
15990605,0xAeef2b7D89b609b2890e10413D13177fC9301Ee6,1292
15990606,0xAeef2b7D89b609b2890e10413D13177fC9301Ee6,1293
15990607,0xAeef2b7D89b609b2890e10413D13177fC9301Ee6,1294
15990608,0xAeef2b7D89b609b2890e10413D13177fC9301Ee6,1295
15990609,0xAeef2b7D89b609b2890e10413D13177fC9301Ee6,1296
15990610,0xAeef2b7D89b609b2890e10413D13177fC9301Ee6,1297
15990611,0xAeef2b7D89b609b2890e10413D13177fC9301Ee6,1298
15990612,0xAeef2b7D89b609b2890e10413D13177fC9301Ee6,1299
15990613,0xAeef2b7D89b609b2890e10413D13177fC9301Ee6,1300
15990614,0xAeef2b7D89b609b2890e10413D13177fC9301Ee6,1301
15990615,0xAeef2b7D89b609b2890e10413D13177fC9301Ee6,1302
15990616,0xAeef2b7D89b609b2890e10413D13177fC9301Ee6,1303
15990617,0xAeef2b7D89b609b2890e10413D13177fC9301Ee6,1304
15990618,0xAeef2b7D89b609b2890e10413D13177fC9301Ee6,1305
15990619,0xAeef2b7D89b609b2890e10413D13177fC9301Ee6,1306
15990620,0xAeef2b7D89b609b2890e10413D13177fC9301Ee6,1307
15990621,0xAeef2b7D89b609b2890e10413D13177fC9301Ee6,1308
15990622,0xAeef2b7D89b609b2890e10413D13177fC9301Ee6,1309
15990623,0xAeef2b7D89b609b2890e10413D13177fC9301Ee6,1310
15990624,0xAeef2b7D89b609b2890e10413D13177fC9301Ee6,1311
15990625,0xAeef2b7D89b609b2890e10413D13177fC9301Ee6,1312
15990626,0xAeef2b7D89b609b2890e10413D13177fC9301Ee6,1313
15990627,0xAeef2b7D89b609b2890e10413D13177fC9301Ee6,1314
15990628,0xAeef2b7D89b609b2890e10413D13177fC9301Ee6,1315
15990629,0xAeef2b7D89b609b2890e10413D13177fC9301Ee6,1316
15990630,0xAeef2b7D89b609b2890e10413D13177fC9301Ee6,1317
15990631,0xAeef2b7D89b609b2890e10413D13177fC9301Ee6,1318
15990632,0xAeef2b7D89b609b2890e10413D13177fC9301Ee6,1319
15990633,0xAeef2b7D89b609b2890e10413D13177fC9301Ee6,1320
15990634,0xAeef2b7D89b609b2890e10413D13177fC9301Ee6,1409
15990635,0xAeef2b7D89b609b2890e10413D13177fC9301Ee6,1410
15990636,0xAeef2b7D89b609b2890e10413D13177fC9301Ee6,1411
15990637,0xAeef2b7D89b609b2890e10413D13177fC9301Ee6,1412
15990638,0xAeef2b7D89b609b2890e10413D13177fC9301Ee6,1413
15990639,0xAeef2b7D89b609b2890e10413D13177fC9301Ee6,1414
15990640,0xAeef2b7D89b609b2890e10413D13177fC9301Ee6,1415
15990641,0xAeef2b7D89b609b2890e10413D13177fC9301Ee6,1416
15990642,0xAeef2b7D89b609b2890e10413D13177fC9301Ee6,1417
15990643,0xAeef2b7D89b609b2890e10413D13177fC9301Ee6,1418
15990644,0xAeef2b7D89b609b2890e10413D13177fC9301Ee6,1419
15990645,0xAeef2b7D89b609b2890e10413D13177fC9301Ee6,1420
15990646,0xAeef2b7D89b609b2890e10413D13177fC9301Ee6,1421
15990647,0xAeef2b7D89b609b2890e10413D13177fC9301Ee6,1422
15990648,0xAeef2b7D89b609b2890e10413D13177fC9301Ee6,1423
15990649,0xAeef2b7D89b609b2890e10413D13177fC9301Ee6,1424
15990650,0xAeef2b7D89b609b2890e10413D13177fC9301Ee6,1425
15990651,0xAeef2b7D89b609b2890e10413D13177fC9301Ee6,1426
15990652,0xAeef2b7D89b609b2890e10413D13177fC9301Ee6,1427
15990653,0xAeef2b7D89b609b2890e10413D13177fC9301Ee6,1428
15990654,0xAeef2b7D89b609b2890e10413D13177fC9301Ee6,1429
15990655,0xAeef2b7D89b609b2890e10413D13177fC9301Ee6,1430
15990656,0xAeef2b7D89b609b2890e10413D13177fC9301Ee6,1431
15990657,0xAeef2b7D89b609b2890e10413D13177fC9301Ee6,1432
15990658,0xAeef2b7D89b609b2890e10413D13177fC9301Ee6,1433
15990659,0xAeef2b7D89b609b2890e10413D13177fC9301Ee6,1434
15990660,0xAeef2b7D89b609b2890e10413D13177fC9301Ee6,1435
15990661,0xAeef2b7D89b609b2890e10413D13177fC9301Ee6,1436
15990662,0xAeef2b7D89b609b2890e10413D13177fC9301Ee6,1437
15990663,0xAeef2b7D89b609b2890e10413D13177fC9301Ee6,1438
15990664,0xAeef2b7D89b609b2890e10413D13177fC9301Ee6,1439
15990665,0xAeef2b7D89b609b2890e10413D13177fC9301Ee6,1440
15990666,0xAeef2b7D89b609b2890e10413D13177fC9301Ee6,1441
15990667,0xAeef2b7D89b609b2890e10413D13177fC9301Ee6,1442
15990668,0xAeef2b7D89b609b2890e10413D13177fC9301Ee6,1443
15990669,0xAeef2b7D89b609b2890e10413D13177fC9301Ee6,1444
15990670,0xAeef2b7D89b609b2890e10413D13177fC9301Ee6,1445
15990671,0xAeef2b7D89b609b2890e10413D13177fC9301Ee6,1446
15990672,0xAeef2b7D89b609b2890e10413D13177fC9301Ee6,1447
15990673,0xAeef2b7D89b609b2890e10413D13177fC9301Ee6,1511
15990674,0xAeef2b7D89b609b2890e10413D13177fC9301Ee6,1512
15990675,0xAeef2b7D89b609b2890e10413D13177fC9301Ee6,1513
15990676,0xAeef2b7D89b609b2890e10413D13177fC9301Ee6,1514
15990677,0xAeef2b7D89b609b2890e10413D13177fC9301Ee6,1515
15990678,0xAeef2b7D89b609b2890e10413D13177fC9301Ee6,1516
15990679,0xAeef2b7D89b609b2890e10413D13177fC9301Ee6,1517
15990680,0xAeef2b7D89b609b2890e10413D13177fC9301Ee6,1518
15990681,0xAeef2b7D89b609b2890e10413D13177fC9301Ee6,1519
15990682,0xAeef2b7D89b609b2890e10413D13177fC9301Ee6,1520
15990683,0xAeef2b7D89b609b2890e10413D13177fC9301Ee6,1521
15990684,0xAeef2b7D89b609b2890e10413D13177fC9301Ee6,1522
15990685,0xAeef2b7D89b609b2890e10413D13177fC9301Ee6,1523
15990686,0xAeef2b7D89b609b2890e10413D13177fC9301Ee6,1524
15990687,0xAeef2b7D89b609b2890e10413D13177fC9301Ee6,1525
15990688,0xAeef2b7D89b609b2890e10413D13177fC9301Ee6,1526
15990689,0xAeef2b7D89b609b2890e10413D13177fC9301Ee6,1527
15990690,0xAeef2b7D89b609b2890e10413D13177fC9301Ee6,1528
15990691,0xAeef2b7D89b609b2890e10413D13177fC9301Ee6,1529
15990692,0xAeef2b7D89b609b2890e10413D13177fC9301Ee6,1568
15990693,0xAeef2b7D89b609b2890e10413D13177fC9301Ee6,1569
15990694,0xAeef2b7D89b609b2890e10413D13177fC9301Ee6,1570
15990695,0xAeef2b7D89b609b2890e10413D13177fC9301Ee6,1571
15990696,0xAeef2b7D89b609b2890e10413D13177fC9301Ee6,1572
15990697,0xAeef2b7D89b609b2890e10413D13177fC9301Ee6,1573
15990698,0xAeef2b7D89b609b2890e10413D13177fC9301Ee6,1574
15990699,0xAeef2b7D89b609b2890e10413D13177fC9301Ee6,1575
15990700,0xAeef2b7D89b609b2890e10413D13177fC9301Ee6,1576
15990701,0xAeef2b7D89b609b2890e10413D13177fC9301Ee6,1577
15990702,0xAeef2b7D89b609b2890e10413D13177fC9301Ee6,1578
15990703,0xAeef2b7D89b609b2890e10413D13177fC9301Ee6,1579
15990704,0xAeef2b7D89b609b2890e10413D13177fC9301Ee6,1580
15990705,0xAeef2b7D89b609b2890e10413D13177fC9301Ee6,1581
15990706,0xAeef2b7D89b609b2890e10413D13177fC9301Ee6,1582
15990707,0xAeef2b7D89b609b2890e10413D13177fC9301Ee6,1583
15990708,0xAeef2b7D89b609b2890e10413D13177fC9301Ee6,1584
15990709,0xAeef2b7D89b609b2890e10413D13177fC9301Ee6,1585
15990710,0xAeef2b7D89b609b2890e10413D13177fC9301Ee6,1586
15990711,0xAeef2b7D89b609b2890e10413D13177fC9301Ee6,1611
15990712,0xAeef2b7D89b609b2890e10413D13177fC9301Ee6,1612
15990713,0xAeef2b7D89b609b2890e10413D13177fC9301Ee6,1613
15990714,0xAeef2b7D89b609b2890e10413D13177fC9301Ee6,1614
15990715,0xAeef2b7D89b609b2890e10413D13177fC9301Ee6,1615
15990716,0xAeef2b7D89b609b2890e10413D13177fC9301Ee6,1616
15990717,0xAeef2b7D89b609b2890e10413D13177fC9301Ee6,1617
15990718,0xAeef2b7D89b609b2890e10413D13177fC9301Ee6,1618
15990719,0xAeef2b7D89b609b2890e10413D13177fC9301Ee6,1619
15990720,0xAeef2b7D89b609b2890e10413D13177fC9301Ee6,1620
15990721,0xAeef2b7D89b609b2890e10413D13177fC9301Ee6,1621
15990722,0xAeef2b7D89b609b2890e10413D13177fC9301Ee6,1622
15990723,0xAeef2b7D89b609b2890e10413D13177fC9301Ee6,1623
15990724,0xAeef2b7D89b609b2890e10413D13177fC9301Ee6,1624
15990725,0xAeef2b7D89b609b2890e10413D13177fC9301Ee6,1625
15990726,0xAeef2b7D89b609b2890e10413D13177fC9301Ee6,1626
15990727,0xAeef2b7D89b609b2890e10413D13177fC9301Ee6,1627
15990728,0xAeef2b7D89b609b2890e10413D13177fC9301Ee6,1628
15990729,0xAeef2b7D89b609b2890e10413D13177fC9301Ee6,1629
15990730,0xAeef2b7D89b609b2890e10413D13177fC9301Ee6,1695
15990731,0xAeef2b7D89b609b2890e10413D13177fC9301Ee6,1696
15990732,0xAeef2b7D89b609b2890e10413D13177fC9301Ee6,1697
15990733,0xAeef2b7D89b609b2890e10413D13177fC9301Ee6,1698
15990734,0xAeef2b7D89b609b2890e10413D13177fC9301Ee6,1699
15990735,0xAeef2b7D89b609b2890e10413D13177fC9301Ee6,1700
15990736,0xAeef2b7D89b609b2890e10413D13177fC9301Ee6,1701
15990737,0xAeef2b7D89b609b2890e10413D13177fC9301Ee6,1702
15990738,0xAeef2b7D89b609b2890e10413D13177fC9301Ee6,1703
15990739,0xAeef2b7D89b609b2890e10413D13177fC9301Ee6,1704
15990740,0xAeef2b7D89b609b2890e10413D13177fC9301Ee6,1705
15990741,0xAeef2b7D89b609b2890e10413D13177fC9301Ee6,1706
15990742,0xAeef2b7D89b609b2890e10413D13177fC9301Ee6,1707
15990743,0xAeef2b7D89b609b2890e10413D13177fC9301Ee6,1708
15990744,0xAeef2b7D89b609b2890e10413D13177fC9301Ee6,1709
15990745,0xAeef2b7D89b609b2890e10413D13177fC9301Ee6,1710
15990746,0xAeef2b7D89b609b2890e10413D13177fC9301Ee6,1711
15990747,0xAeef2b7D89b609b2890e10413D13177fC9301Ee6,1712
15990748,0xAeef2b7D89b609b2890e10413D13177fC9301Ee6,1713
15990749,0xAeef2b7D89b609b2890e10413D13177fC9301Ee6,1714
15990750,0xAeef2b7D89b609b2890e10413D13177fC9301Ee6,1715
15990751,0xAeef2b7D89b609b2890e10413D13177fC9301Ee6,1716
15990752,0xAeef2b7D89b609b2890e10413D13177fC9301Ee6,1717
15990753,0xAeef2b7D89b609b2890e10413D13177fC9301Ee6,1718
15990754,0xAeef2b7D89b609b2890e10413D13177fC9301Ee6,1719
15990755,0xAeef2b7D89b609b2890e10413D13177fC9301Ee6,1720
15990756,0xAeef2b7D89b609b2890e10413D13177fC9301Ee6,1721
15990757,0xAeef2b7D89b609b2890e10413D13177fC9301Ee6,1722
15990758,0xAeef2b7D89b609b2890e10413D13177fC9301Ee6,1723
15990759,0xAeef2b7D89b609b2890e10413D13177fC9301Ee6,1724
15990760,0xAeef2b7D89b609b2890e10413D13177fC9301Ee6,1725
15990761,0xAeef2b7D89b609b2890e10413D13177fC9301Ee6,1726
15990762,0xAeef2b7D89b609b2890e10413D13177fC9301Ee6,1727
15990763,0xAeef2b7D89b609b2890e10413D13177fC9301Ee6,1728
15990764,0xAeef2b7D89b609b2890e10413D13177fC9301Ee6,1729
15990765,0xAeef2b7D89b609b2890e10413D13177fC9301Ee6,1730